0,33.1,30.3,24.4,25.9,33.1,28.2,27.9
1,24.3,35.1,27.4,35.2,22.4,29.9,30.7
2,26.7,34.2,24.3,30.7,24.7,29.4,28.2
3,25.6,32.9,25.9,34.4,22.5,29.5,27.6
4,27.1,34.1,26.0,33.8,23.4,30.3,28.2
5,26.4,34.7,25.0,30.3,25.8,27.6,27.2
6,26.9,32.3,29.1,34.9,23.0,29.4,26.7
7,25.0,31.6,24.0,33.8,21.8,28.9,27.1
8,29.5,27.6,21.5,27.7,22.7,26.9,26.3
9,26.9,34.9,24.7,34.5,21.4,29.5,30.7
10,23.5,32.8,30.1,30.9,22.0,27.7,29.4
11,27.0,34.9,25.0,33.7,23.3,30.2,28.1
12,28.9,33.1,26.1,36.5,24.1,29.6,29.2
13,27.2,33.3,22.7,29.5,21.1,28.0,24.3
14,26.4,34.0,24.8,32.6,22.2,28.5,28.3
15,29.7,34.3,25.8,34.4,30.3,28.4,28.1
16,26.7,34.7,27.1,35.4,22.9,29.5,30.6
17,24.0,34.4,28.1,35.4,23.3,29.8,29.1
18,25.5,33.5,23.9,30.3,22.3,30.1,33.0
19,31.1,30.4,25.8,34.2,27.3,27.9,26.3
20,28.0,33.1,24.3,34.2,22.3,29.4,25.7
21,20.8,33.0,24.6,34.3,20.1,30.2,22.1
22,25.9,35.3,28.2,35.0,23.2,30.9,26.8
23,24.7,32.5,27.1,30.1,24.3,28.3,30.3
24,23.7,33.2,26.6,34.2,22.9,28.6,27.8
25,32.2,28.3,26.8,31.6,29.6,27.9,30.7
26,20.5,32.1,29.1,24.8,21.6,28.6,32.4
27,26.7,32.5,24.9,30.6,23.4,27.7,31.5
28,29.3,32.0,31.5,33.5,29.3,28.2,31.7
29,31.5,32.5,30.9,31.9,26.2,29.9,33.3
30,23.1,33.3,28.7,30.7,22.5,28.3,28.0
31,25.4,35.6,29.0,35.7,23.9,29.2,30.3
32,26.9,30.9,27.0,32.9,21.9,28.4,29.4
33,24.3,33.8,26.6,34.2,22.4,28.4,29.5
34,29.2,32.4,25.6,35.2,23.1,27.9,30.8
35,26.2,35.2,29.6,35.8,23.4,30.5,29.1
36,26.6,36.7,28.1,36.0,24.0,29.9,31.5
37,28.9,30.5,23.9,30.9,23.5,26.5,25.6
38,28.4,34.8,29.1,34.8,22.9,28.5,27.1
39,26.8,34.3,25.3,31.3,22.3,27.8,29.1
40,27.3,36.4,29.1,36.2,24.2,30.3,28.9
41,24.2,31.6,30.0,29.2,22.3,27.3,31.1
42,25.3,34.2,28.9,32.2,23.6,28.0,30.3
43,26.3,31.0,28.6,30.7,22.1,26.1,27.8
44,29.0,33.6,27.1,34.2,27.2,29.5,28.0
45,30.4,33.2,25.0,31.9,26.0,28.8,31.1
46,32.1,27.8,26.4,29.0,27.7,28.3,25.4
47,25.2,33.6,28.9,33.8,24.9,28.1,33.2
48,26.7,35.0,29.1,34.8,29.2,28.6,31.3
49,24.7,33.0,27.3,33.1,25.2,28.0,29.1
50,26.5,30.3,28.5,27.1,23.1,27.3,27.4
51,23.7,33.3,25.2,31.7,22.0,28.1,29.3
52,25.7,30.4,33.1,32.5,22.9,27.5,28.5
53,30.1,30.0,22.4,29.2,22.5,27.8,23.3
54,25.5,32.2,25.9,31.0,21.4,27.3,31.6
55,25.8,32.3,27.6,33.2,22.9,28.1,28.1
56,29.4,31.4,26.0,29.7,30.9,27.2,26.4
57,26.9,30.2,36.4,27.4,25.7,27.0,25.2
58,27.5,32.4,27.2,30.7,23.4,27.6,29.4
59,26.3,32.0,27.7,32.6,26.5,27.9,27.7
60,27.1,29.7,22.4,29.8,21.6,26.5,29.0
61,21.6,29.5,25.3,28.9,19.4,25.3,26.7
62,24.8,34.1,28.0,33.5,27.7,28.2,30.7
63,23.6,30.9,26.8,30.7,21.4,27.2,32.1
64,23.7,32.9,27.4,35.3,23.8,28.0,30.3
65,26.3,33.3,26.7,34.0,22.5,28.7,27.1
66,29.8,30.8,22.6,27.6,28.7,27.2,27.5
67,24.1,33.1,24.0,33.3,20.1,29.7,28.3
68,27.2,31.9,28.0,32.1,22.3,27.9,31.0
69,25.3,29.2,26.8,30.0,18.3,27.0,26.4
70,24.3,33.2,28.8,32.1,21.9,27.4,26.1
71,25.7,30.8,28.9,31.0,22.0,26.5,28.4
72,22.1,28.8,20.8,32.9,21.1,26.6,24.2
73,27.8,30.9,26.6,33.9,23.6,28.2,28.5
74,25.0,31.9,25.6,33.2,21.6,27.8,27.3
75,27.0,33.1,25.2,30.6,21.7,27.0,32.4
76,25.2,33.0,23.2,32.5,22.1,28.6,30.3
77,26.0,32.0,26.0,33.1,23.6,26.5,30.6
78,27.1,28.5,22.6,28.9,20.4,26.4,24.6
79,27.5,28.6,22.7,33.0,22.4,28.1,24.5
80,32.0,25.6,26.1,34.5,27.5,26.9,26.2
81,26.6,33.6,22.0,34.7,22.0,29.6,23.3
82,27.8,32.2,28.6,30.0,23.6,27.5,30.1
83,27.2,33.3,26.6,33.8,25.2,27.7,28.1
84,27.5,29.8,23.3,31.8,20.5,27.1,24.4
85,27.0,33.5,29.0,33.7,27.0,27.6,31.5
86,28.4,30.0,26.0,34.6,21.6,28.0,30.2
87,24.9,31.0,25.8,32.5,22.2,26.6,27.5
88,25.5,29.9,25.4,31.4,21.6,25.5,30.6
89,26.7,31.1,27.7,32.5,21.7,27.3,28.9
90,32.5,26.4,24.8,34.6,25.0,27.6,32.4
91,30.0,28.9,26.9,32.2,25.7,28.8,24.1
92,25.8,32.1,23.2,30.9,21.4,27.5,30.2
93,23.2,30.9,24.9,32.2,20.9,28.8,27.6
94,24.0,33.8,27.5,31.0,22.6,27.1,25.8
95,24.4,29.9,24.1,30.4,23.6,27.2,28.3
96,22.5,30.8,26.1,32.1,22.0,26.3,28.7
97,29.3,34.1,27.8,30.8,25.3,29.3,28.6
98,23.5,30.2,26.5,28.6,22.2,27.4,33.4
99,28.0,34.0,31.7,30.0,26.4,28.6,29.6
100,26.3,30.0,27.1,32.4,20.7,27.3,27.2
101,25.1,32.3,26.4,34.0,19.7,28.4,25.7
102,30.6,30.7,24.1,30.7,28.4,27.5,25.8
103,30.3,31.1,26.1,32.6,29.7,28.5,25.8
104,29.4,29.7,25.4,28.7,21.3,27.3,27.0
105,28.2,29.9,24.2,34.1,24.2,26.8,24.8
106,27.8,32.2,29.9,33.7,25.1,27.3,28.6
107,24.6,29.7,30.1,29.7,24.2,27.5,30.4
108,26.4,33.8,25.4,35.9,25.7,27.2,27.4
109,25.5,32.5,25.1,33.6,21.1,28.5,31.0
110,25.2,29.5,27.1,30.2,20.6,28.4,32.3
111,25.6,31.8,21.5,32.3,20.8,27.7,27.3
112,27.0,34.0,27.7,36.2,26.6,29.6,32.4
113,25.2,29.9,28.7,31.7,23.0,26.4,28.6
114,28.5,28.1,22.6,26.2,25.9,27.6,26.8
115,24.8,30.8,31.3,32.8,24.6,27.1,28.6
116,31.3,33.0,28.7,34.5,28.0,28.3,26.6
117,24.4,30.4,29.4,31.3,22.4,28.1,23.0
118,26.7,32.5,27.3,33.0,26.8,28.4,26.8
119,25.4,31.7,23.4,31.2,23.3,28.0,26.5
120,28.9,28.7,24.4,32.3,24.1,25.1,33.4
121,26.1,32.3,27.3,30.4,23.0,26.9,24.4
122,24.4,33.3,26.1,30.0,30.3,28.5,30.9
123,25.5,32.1,25.8,31.4,22.5,28.1,25.4
124,28.6,31.4,26.0,32.4,23.4,26.9,26.0
125,22.7,30.6,22.6,26.0,18.1,26.1,26.9
126,25.2,31.9,27.6,32.3,24.3,28.7,26.8
127,30.6,28.8,25.7,32.4,28.2,26.2,29.3
128,26.9,31.0,30.1,33.9,26.7,28.3,28.4
129,27.9,31.8,26.6,35.2,24.2,29.6,26.8
130,25.2,31.0,28.1,33.6,21.8,26.6,26.5
131,24.9,32.1,25.4,35.7,23.5,27.7,29.6
132,29.9,24.4,26.6,32.1,23.7,26.6,26.2
133,28.8,31.6,27.4,33.0,28.6,27.5,28.8
134,23.1,31.8,27.0,33.5,22.6,26.0,28.5
135,30.0,26.4,24.1,25.7,31.1,27.2,26.4
136,26.0,31.7,28.3,31.6,22.9,26.6,27.7
137,31.0,25.4,25.8,29.8,31.0,27.7,26.0
138,25.7,30.9,21.8,27.1,18.7,25.1,30.2
139,24.7,31.4,24.4,32.1,21.6,25.9,26.1
140,27.3,30.6,27.0,31.7,25.3,27.3,28.3
141,26.8,31.0,31.5,28.6,25.3,26.9,24.5
142,28.3,26.9,25.9,33.0,21.1,25.7,29.1
143,23.4,32.7,24.1,32.6,22.5,27.7,28.4
144,34.2,27.4,27.1,35.7,28.8,28.5,29.4
145,28.4,31.5,27.5,34.3,23.3,29.5,32.0
146,27.4,33.2,28.0,31.6,26.0,27.0,32.6
147,29.4,33.0,29.4,33.9,23.9,30.2,32.8
148,27.0,30.9,37.1,29.2,26.7,29.3,28.8
149,29.8,34.0,29.3,34.2,22.6,29.6,31.6
150,26.9,33.3,26.6,33.5,22.9,28.5,31.7
151,26.3,32.4,24.8,28.1,21.9,27.3,32.4
152,27.7,31.4,25.7,33.1,22.0,27.8,26.2
153,26.3,33.2,27.8,35.1,25.4,28.9,30.8
154,24.9,31.2,20.2,28.2,18.2,27.6,23.3
155,27.3,31.5,32.3,27.5,26.8,27.7,32.3
156,30.4,28.9,22.6,34.2,23.7,28.5,29.0
157,23.6,30.8,23.5,31.5,20.8,27.4,25.9
158,29.3,25.9,21.9,33.2,23.6,27.0,27.2
159,27.7,30.8,27.3,33.0,24.2,27.8,24.7
160,27.5,31.7,23.9,28.2,24.6,28.2,27.1
161,22.9,31.2,19.9,30.2,21.0,28.5,27.3
162,25.6,33.1,32.5,29.9,23.8,28.3,30.7
163,25.4,32.5,30.1,34.2,25.2,27.9,30.3
164,22.4,30.8,24.7,30.5,19.7,27.8,29.7
165,30.1,26.3,25.6,33.8,25.9,26.8,27.0
166,23.5,31.9,28.5,31.6,23.6,27.8,33.0
167,26.3,32.0,28.9,33.0,24.8,28.4,31.2
168,23.3,29.4,24.0,25.6,20.5,26.4,24.7
169,23.3,32.4,26.2,33.7,22.3,27.2,30.0
170,23.1,32.1,30.7,30.9,24.3,27.5,31.4
171,27.4,32.5,28.1,36.4,25.2,28.7,28.4
172,26.8,30.6,24.3,32.5,23.1,26.6,27.9
173,27.2,31.8,23.4,27.8,19.1,28.4,26.8
174,25.4,31.8,27.2,28.7,20.0,27.9,31.7
175,25.8,32.8,28.8,33.0,24.2,28.2,26.0
176,28.1,26.1,26.3,31.1,25.5,25.0,28.7
177,24.2,31.4,30.6,27.2,23.3,27.1,29.9
178,29.3,25.3,22.8,30.3,23.3,27.4,29.9
179,23.2,34.1,29.0,27.9,25.0,26.0,30.0
180,23.4,29.6,29.7,23.9,22.4,27.6,31.5
181,25.8,25.0,24.4,25.4,23.6,27.8,30.6
182,20.0,25.7,21.6,26.5,20.3,27.5,25.7
183,21.3,28.3,24.1,27.4,20.9,28.7,29.7
184,21.4,27.0,22.1,26.0,20.5,27.7,25.1
185,19.6,25.8,21.7,22.1,23.1,28.5,26.3
186,19.6,26.6,20.8,21.7,18.9,27.8,20.1
187,22.2,26.0,23.7,24.5,21.6,27.2,26.8
188,23.2,20.3,21.7,24.4,23.6,27.5,26.6
189,21.7,27.8,26.3,28.9,21.2,29.3,26.8
190,20.4,27.2,22.6,25.9,19.0,27.3,28.3
191,22.3,27.2,21.6,25.9,19.4,29.1,25.9
192,22.4,27.1,21.9,24.9,19.4,27.9,25.5
193,21.5,27.1,24.5,28.1,20.0,28.9,26.5
194,21.4,25.2,22.2,23.3,23.4,27.4,25.3
195,21.2,24.5,24.2,23.3,20.0,29.4,26.4
196,24.1,24.7,22.5,24.7,19.1,27.6,22.9
197,22.4,27.7,22.4,27.7,20.6,28.5,29.0
198,20.1,25.1,21.2,25.0,18.7,27.0,26.6
199,21.2,25.5,20.4,24.4,18.4,29.2,20.0
200,19.3,25.2,17.6,21.1,18.1,28.5,27.5
201,21.3,26.2,23.2,26.7,22.4,28.3,27.6
202,26.0,21.9,22.6,23.8,25.7,28.5,28.7
203,24.0,24.3,19.6,22.1,19.3,27.9,22.3
204,22.7,25.4,20.5,24.2,21.2,28.4,26.0
205,20.8,26.7,25.0,21.2,21.7,27.8,30.9
206,23.1,25.9,23.0,25.9,20.7,28.4,26.7
207,23.8,25.7,20.5,26.8,21.0,29.6,24.1
208,21.8,25.5,23.6,25.8,22.6,29.5,25.5
209,18.8,24.3,22.1,26.2,20.2,27.7,26.1
210,28.3,28.0,25.2,32.7,25.5,27.5,28.8
211,21.5,30.5,25.5,30.7,20.9,25.9,29.8
212,24.5,27.2,21.4,29.3,20.0,27.5,23.5
213,26.4,31.4,26.1,32.6,23.8,28.5,26.3
214,26.1,32.2,26.5,32.4,24.5,27.8,30.8
215,26.1,32.9,33.6,27.4,25.1,27.9,30.9
216,27.8,29.9,25.2,33.7,22.4,28.5,26.1
217,24.3,32.4,34.1,34.9,26.1,28.3,29.2
218,28.3,29.7,25.0,31.6,24.8,27.9,26.8
219,23.5,33.4,22.9,35.5,21.4,29.0,28.1
220,26.7,32.7,30.5,33.5,25.2,29.0,31.0
221,29.3,32.9,26.0,36.0,23.5,30.5,29.4
222,27.5,32.1,26.4,29.4,30.5,27.2,26.6
223,28.6,24.1,24.3,34.7,24.8,26.9,29.2
224,27.2,31.2,26.9,34.8,24.0,27.7,29.4
225,29.5,26.6,27.5,31.7,25.5,27.8,26.7
226,25.0,32.0,26.9,33.3,21.7,29.0,28.7
227,31.6,30.6,25.5,37.8,23.3,32.3,28.2
228,27.8,31.3,31.3,32.6,26.9,27.6,29.7
229,24.3,31.3,32.2,31.2,21.9,28.8,31.6
230,30.0,27.5,27.8,32.7,28.0,27.9,31.5
231,23.1,32.7,26.4,33.3,22.6,29.6,25.3
232,27.1,35.2,30.0,37.1,25.2,29.2,31.6
233,26.4,29.1,25.0,31.7,22.0,27.4,28.8
234,23.7,31.8,27.0,31.9,23.5,28.2,29.9
235,26.0,31.5,24.1,30.8,24.9,28.0,27.1
236,27.4,29.6,25.3,27.4,21.9,27.0,25.7
237,28.4,34.1,29.2,34.9,26.5,29.5,28.9
238,26.9,32.3,26.2,34.3,24.9,30.3,27.3
239,28.1,33.9,28.2,35.5,26.3,29.0,30.2
240,24.1,32.5,22.2,34.1,20.9,29.0,27.3
241,27.1,32.8,24.7,32.0,23.5,29.1,28.8
242,27.6,33.8,24.8,36.1,21.5,30.2,27.8
243,31.9,33.9,28.7,35.9,30.7,28.6,31.2
244,22.5,31.4,23.9,33.8,19.5,27.2,22.8
245,25.7,30.3,27.4,31.8,25.1,27.8,25.5
246,27.9,27.9,25.6,31.8,22.0,28.2,26.8
247,20.9,33.7,21.5,33.6,22.2,28.6,27.8
248,23.2,30.7,26.1,32.7,21.2,26.5,26.2
249,22.8,30.7,27.0,31.9,22.3,26.8,33.3
250,23.9,29.4,30.9,20.4,22.6,27.9,32.4
251,26.7,32.6,22.6,30.6,22.9,28.1,30.8
252,27.1,32.2,27.1,34.9,28.2,28.5,29.8
253,26.0,32.5,30.0,34.4,23.5,27.0,31.7
254,29.3,28.4,22.8,28.9,25.8,27.1,27.7
255,27.4,29.5,22.4,32.0,24.1,27.0,29.9
256,25.8,31.4,26.1,34.7,24.6,28.7,25.7
257,26.1,32.1,28.3,34.4,25.2,28.1,30.3
258,22.3,33.0,23.7,32.0,23.2,28.1,26.7
259,25.1,34.0,27.0,35.8,25.0,31.2,25.9
260,23.1,34.4,26.9,30.9,21.8,29.3,24.3
261,26.1,32.5,31.4,35.4,24.4,27.8,31.2
262,28.9,32.6,28.0,34.0,27.4,28.4,27.1
263,21.1,31.0,21.3,27.9,18.2,26.3,28.3
264,30.2,34.4,32.7,37.0,27.3,31.3,31.8
265,27.9,32.0,27.1,32.7,24.9,29.8,31.7
266,22.6,32.5,27.4,32.5,22.9,28.2,26.9
267,31.3,27.4,25.3,31.3,29.9,26.8,30.1
268,27.1,32.8,23.1,31.0,23.8,30.0,24.6
269,22.3,29.7,26.3,31.7,21.2,27.4,27.9
270,23.4,31.8,29.1,32.7,21.8,28.3,29.4
271,25.9,24.3,24.3,30.8,21.3,26.8,22.3
272,27.0,29.8,31.0,34.2,24.8,28.0,32.3
273,24.6,29.4,22.5,32.1,21.1,27.4,29.3
274,24.0,29.1,23.7,33.0,19.3,26.6,27.4
275,23.5,31.4,29.1,34.3,22.2,28.2,29.1
276,27.4,31.7,27.2,33.3,23.5,28.5,29.0
277,25.3,33.4,26.1,32.7,23.9,29.6,30.1
278,25.9,34.1,27.2,28.9,23.4,28.4,30.7
279,28.4,32.5,25.4,33.1,24.1,28.7,27.6
280,29.9,27.2,31.4,28.4,27.4,27.9,38.7
281,33.0,28.2,27.4,31.9,32.3,28.9,28.3
282,28.3,30.1,26.3,32.5,26.3,28.0,29.5
283,25.1,33.7,27.2,28.7,24.8,27.5,28.0
284,27.6,33.4,39.9,30.6,27.9,30.2,36.5
285,29.6,30.4,25.4,28.4,32.3,28.2,26.3
286,33.0,30.1,26.6,34.7,30.6,27.9,28.6
287,23.9,32.5,27.9,36.2,22.6,27.7,28.4
288,24.1,28.8,26.3,33.3,21.7,27.9,26.3
289,27.1,31.5,26.1,35.3,24.5,28.7,26.5
290,22.9,32.4,22.2,35.5,20.9,28.9,24.9
291,29.1,28.1,29.1,35.1,22.0,28.9,24.4
292,27.5,33.5,34.1,34.7,27.9,29.7,30.4
293,25.3,30.1,35.1,32.3,26.4,29.2,27.8
294,25.4,31.8,27.6,33.3,23.8,28.5,33.0
295,32.7,25.4,24.6,36.0,27.1,27.5,30.6
296,28.3,32.8,24.9,34.1,26.1,30.1,26.4
297,22.8,33.4,29.2,33.5,25.1,28.6,30.5
298,29.6,29.4,26.4,33.8,26.2,28.7,29.3
299,27.2,30.4,26.7,32.9,21.2,28.5,26.8
300,25.2,35.1,32.8,35.1,25.6,29.5,29.4
301,25.1,32.5,26.4,31.7,28.0,28.0,30.0
302,23.3,30.0,24.2,32.0,21.0,28.6,26.8
303,26.6,31.3,26.4,34.9,27.8,27.9,28.6
304,28.7,24.9,23.0,29.4,27.8,25.7,29.4
305,30.0,27.5,20.5,26.2,28.1,27.0,25.9
306,25.1,32.6,29.1,33.7,23.1,28.6,29.5
307,31.1,25.6,23.7,33.1,28.8,26.5,34.1
308,22.2,34.4,26.2,35.9,20.1,31.3,23.4
309,26.5,30.4,28.5,33.8,23.6,27.5,31.0
310,25.1,32.3,28.7,35.2,22.4,29.6,32.0
311,24.5,32.7,31.6,32.6,25.6,29.9,28.8
312,31.6,30.8,28.5,32.4,29.8,28.8,31.5
313,28.2,32.6,29.1,34.6,25.0,28.1,30.7
314,28.6,32.6,29.3,34.8,26.1,29.1,28.8
315,26.1,31.8,29.0,33.4,26.9,29.0,30.3
316,30.9,30.7,27.0,30.0,33.3,29.1,27.2
317,26.8,32.4,23.5,29.7,27.6,27.3,24.7
318,27.6,31.1,23.2,35.2,21.5,28.3,25.1
319,27.2,34.4,26.5,34.3,22.8,29.0,29.2
320,25.9,31.3,24.2,29.1,20.9,28.1,27.6
321,30.2,30.2,29.0,35.1,29.2,28.6,30.8
322,23.6,31.7,28.9,37.4,24.4,29.0,30.6
323,24.7,31.5,27.5,32.7,24.3,28.2,29.4
324,29.2,28.3,22.2,32.2,24.8,27.2,28.9
325,24.3,29.7,22.4,27.8,21.5,25.8,28.4
326,34.1,32.6,26.9,35.7,32.1,28.9,27.8
327,26.7,31.7,30.9,34.6,27.6,27.8,31.0
328,24.3,33.6,32.8,34.5,26.2,28.3,33.7
329,23.0,32.9,28.7,35.3,23.6,29.8,30.7
330,25.8,34.0,28.8,34.9,25.1,30.0,29.5
331,30.2,33.7,28.8,34.2,30.0,29.0,31.5
332,24.5,31.8,26.4,35.8,23.4,29.9,29.4
333,24.7,36.2,32.0,36.7,27.1,31.3,31.3
334,26.6,30.8,23.4,34.5,23.5,28.5,30.4
335,24.0,26.8,22.2,27.8,21.9,25.4,30.3
336,25.5,30.6,21.2,34.8,21.8,30.2,24.2
337,23.6,31.2,24.0,33.3,20.4,28.1,27.2
338,23.2,26.1,22.5,24.8,17.9,24.6,25.3
339,22.2,29.9,21.9,26.7,19.8,25.5,25.6
340,23.1,33.6,27.9,34.8,23.3,28.8,28.3
341,32.9,26.6,28.2,35.4,32.2,29.3,29.8
342,28.5,35.1,23.3,33.8,25.9,30.8,28.1
343,30.2,31.0,32.1,35.0,25.5,27.7,27.5
344,31.5,30.0,27.6,31.4,28.9,28.5,27.1
345,23.8,33.2,24.8,35.2,21.4,29.7,27.0
346,26.0,31.0,31.7,32.3,24.5,28.0,29.8
347,25.9,31.5,26.7,33.9,25.5,28.3,26.6
348,21.4,28.6,24.4,29.6,21.7,25.9,24.0
349,26.6,31.5,28.4,25.3,24.4,27.9,23.9
350,32.2,30.7,26.6,32.7,30.7,27.9,28.9
351,24.2,32.6,28.3,33.1,22.7,27.8,29.5
352,26.2,33.3,26.6,34.0,28.9,27.4,26.0
353,26.5,30.7,25.8,33.8,23.5,29.1,26.3
354,27.5,30.7,25.1,34.7,21.8,29.4,26.3
355,22.7,31.0,24.4,33.0,22.1,28.7,27.1
356,24.2,31.9,27.4,33.7,21.8,28.3,23.8
357,24.6,31.1,23.7,27.7,22.0,27.2,26.2
358,26.2,30.6,28.3,32.2,21.8,27.3,27.8
359,21.7,32.5,29.0,32.4,21.6,28.4,28.9
360,22.6,29.1,31.1,25.6,24.6,26.7,22.5
361,26.5,31.0,28.1,32.1,24.7,28.2,30.7
362,21.6,32.7,23.4,29.6,20.9,28.0,30.0
363,24.5,33.6,26.5,34.0,23.8,28.3,30.3
364,25.7,32.9,26.8,34.7,24.1,29.0,28.6
365,23.9,32.9,23.3,32.8,21.6,27.9,25.3
366,26.3,28.7,20.9,32.7,23.9,26.9,27.6
367,29.4,30.8,30.9,35.2,24.1,27.1,25.4
368,23.6,31.2,23.2,28.1,21.9,28.0,25.7
369,23.8,32.0,22.6,33.7,20.8,26.3,27.9
370,24.7,31.9,31.0,32.7,24.0,28.9,30.0
371,23.2,31.9,28.4,33.8,23.6,28.6,31.1
372,26.0,30.1,28.2,32.3,22.9,26.8,29.2
373,35.2,26.6,27.4,31.6,32.1,28.1,32.8
374,28.3,30.8,25.8,31.3,24.4,28.2,27.0
375,32.1,31.6,27.4,27.9,34.3,26.5,23.6
376,23.7,29.0,27.2,25.2,20.3,26.3,28.3
377,27.7,28.2,21.9,26.3,23.5,27.8,25.6
378,25.8,32.9,29.9,34.9,24.5,29.6,28.8
379,25.1,34.7,25.9,35.7,21.9,29.9,29.1
380,20.0,24.5,24.9,22.9,19.8,27.6,27.3
381,22.8,25.5,20.9,21.2,21.1,28.1,28.9
382,20.0,24.4,19.2,23.4,18.7,28.5,28.5
383,19.9,26.6,23.1,24.0,20.0,28.7,26.6
384,19.8,26.0,25.8,25.9,22.4,27.6,26.7
385,22.9,25.9,23.1,25.6,22.9,28.2,26.3
386,25.7,23.1,22.6,20.1,22.4,28.6,29.3
387,20.3,25.9,22.0,22.9,21.3,27.7,32.2
388,19.9,26.1,20.6,24.0,20.7,28.5,27.7
389,20.4,23.9,23.7,22.2,20.0,28.8,26.5
390,22.0,24.9,22.6,21.3,18.4,28.8,31.0
391,22.0,25.4,22.5,22.6,21.3,29.0,30.4
392,21.7,24.8,20.6,22.9,20.2,28.2,25.9
393,22.0,24.6,21.5,23.9,19.8,26.3,31.5
394,20.3,26.7,21.4,25.6,22.1,29.3,30.1
395,23.3,24.5,21.4,24.7,21.6,28.2,29.8
396,20.9,26.2,24.8,24.4,19.9,28.2,23.9
397,21.9,26.1,22.6,22.9,20.0,29.1,27.0
398,21.8,24.6,20.3,23.8,19.3,27.9,27.0
399,22.6,25.0,20.3,25.9,20.9,29.3,25.0
400,21.8,25.3,23.3,23.5,19.7,28.3,23.0
401,23.3,22.4,21.7,23.3,19.5,26.9,27.8
402,22.4,25.2,21.9,25.4,22.6,29.3,27.6
403,23.7,23.9,21.8,22.5,21.6,28.4,28.4
404,22.3,25.5,18.0,23.7,20.0,28.2,28.0
405,23.2,26.2,20.9,24.6,21.2,29.2,29.5
406,24.3,25.8,22.2,26.4,20.7,29.9,20.5
407,20.5,25.5,19.0,18.7,20.0,27.6,28.0
408,22.8,25.3,23.5,26.3,21.0,28.5,22.4
409,22.5,25.5,20.6,23.4,19.5,28.2,26.0
410,20.7,24.8,22.1,23.8,20.7,28.5,26.6
411,23.9,27.6,21.1,23.1,21.5,28.7,27.5
412,22.6,24.6,22.9,23.4,21.3,28.3,28.6
413,23.1,25.7,23.5,24.1,20.6,29.1,25.9
414,24.8,25.9,22.0,24.5,22.6,29.8,27.0
415,22.4,26.7,22.9,23.2,20.2,28.9,28.2
416,20.0,25.8,21.8,24.6,21.4,28.5,26.5
417,22.8,26.7,21.1,27.6,17.3,26.7,27.6
418,22.6,26.5,21.6,22.1,21.3,30.0,28.0
419,21.7,26.4,21.4,24.9,20.6,28.7,27.4
420,23.5,26.3,18.3,25.6,20.0,28.3,27.5
421,26.1,23.3,23.4,24.3,19.9,29.2,24.5
422,20.8,24.8,20.7,21.0,21.2,28.0,25.4
423,19.6,25.3,20.5,20.1,20.4,29.3,27.1
424,22.8,25.8,24.7,25.8,21.5,29.2,22.5
425,22.6,23.2,18.4,17.8,21.2,29.0,23.2
426,19.7,25.1,23.2,23.7,20.2,28.5,29.1
427,22.5,24.5,23.3,20.4,19.9,26.9,26.1
428,19.6,25.9,22.1,23.7,20.0,27.3,26.4
429,21.8,25.5,21.9,24.8,20.5,29.7,21.1
430,22.6,22.5,21.1,24.2,19.3,29.1,25.9
431,23.0,24.5,22.6,21.3,20.3,28.3,26.4
432,22.6,26.1,21.9,23.2,20.2,29.6,26.3
433,22.9,25.0,20.1,23.6,19.0,23.8,26.0
434,21.9,25.3,21.4,23.0,21.4,29.8,29.2
435,21.7,27.2,24.6,26.1,21.9,29.9,25.7
436,22.1,26.0,24.2,24.8,22.4,28.7,29.4
437,23.7,24.0,20.7,23.1,20.2,28.3,29.8
438,19.2,26.3,21.5,24.3,20.3,28.1,33.2
439,24.0,25.2,22.8,24.3,19.0,27.9,28.3
440,22.5,26.7,22.1,26.7,22.9,28.6,28.4
441,20.6,26.3,21.1,24.7,19.3,27.5,22.4
442,21.5,25.7,22.7,24.2,20.6,30.0,29.7
443,20.7,24.0,22.5,21.6,19.2,28.9,30.9
444,23.0,21.4,20.3,21.7,19.4,28.6,25.0
445,19.0,24.4,19.4,16.4,20.0,27.5,24.6
446,23.1,23.9,22.3,20.6,20.5,28.8,25.5
447,22.1,25.7,20.9,24.8,19.7,29.2,27.8
448,22.2,23.9,19.8,23.1,20.8,27.4,27.8
449,23.0,25.6,20.0,22.4,22.6,26.9,28.7
450,22.7,24.9,22.5,21.7,21.0,27.8,29.2
451,20.3,25.0,21.4,22.4,21.7,29.0,25.4
452,19.7,23.5,21.6,21.4,17.9,29.5,24.7
453,19.7,24.4,21.6,23.6,19.0,28.3,26.2
454,22.1,25.1,17.9,22.4,19.5,29.1,26.2
455,21.5,25.9,19.1,23.3,19.5,29.5,29.9
456,20.9,24.6,21.2,23.3,19.1,28.6,24.1
457,21.9,26.6,21.3,23.6,20.0,28.7,29.5
458,22.9,26.5,23.2,23.9,19.1,27.2,27.0
459,23.6,25.0,23.5,24.0,21.1,29.4,27.0
460,22.8,25.1,21.8,23.9,19.9,28.3,23.8
461,23.6,24.3,19.9,23.4,18.5,28.4,26.2
462,22.1,27.5,21.2,28.1,19.4,28.1,26.6
463,22.4,24.8,21.6,24.1,19.3,29.2,26.9
464,21.2,25.8,21.0,22.9,20.4,28.6,27.6
465,21.7,24.9,22.0,24.5,20.7,29.3,28.1
466,22.1,24.9,20.0,22.2,21.6,28.7,32.9
467,21.3,23.5,21.0,22.4,18.8,28.5,27.1
468,21.6,25.1,23.7,23.6,19.1,28.5,30.5
469,20.9,25.7,20.2,23.0,18.7,29.3,28.5
470,19.8,25.7,21.9,24.3,22.4,26.8,27.3
471,22.1,25.4,21.4,19.1,17.8,27.0,28.0
472,22.9,25.6,20.2,22.0,19.7,29.3,26.5
473,22.9,23.7,21.5,23.6,22.5,29.1,27.8
474,20.6,25.1,19.3,24.2,18.9,28.5,22.0
475,19.3,28.0,24.3,25.8,23.9,28.6,34.7
476,24.8,24.5,21.7,21.2,18.8,29.0,23.5
477,20.6,24.0,20.3,22.2,19.2,28.4,27.5
478,22.2,25.3,19.4,22.7,20.5,29.0,28.4
479,21.7,25.6,20.2,22.5,20.0,28.2,25.5
480,21.8,25.2,21.6,21.4,20.0,27.9,30.4
481,24.4,23.4,21.3,22.0,18.2,28.0,23.3
482,23.7,22.8,18.1,21.2,18.9,28.7,24.6
483,23.4,24.9,22.5,23.7,21.0,29.7,28.9
484,19.8,26.1,19.9,19.6,18.7,28.1,23.5
485,23.1,25.2,24.5,25.3,19.8,28.9,21.1
486,21.7,24.7,21.8,23.1,20.9,30.0,31.1
487,22.4,26.6,23.5,25.0,19.7,28.6,26.4
488,21.9,28.1,22.3,26.2,22.4,28.5,28.2
489,23.4,25.4,21.7,25.0,20.0,27.6,30.3
490,24.0,26.9,21.0,24.7,19.9,28.2,26.5
491,24.8,26.6,18.2,20.9,19.1,29.7,30.6
492,24.4,25.4,23.0,24.1,18.7,30.0,22.3
493,22.4,26.4,22.5,24.1,21.1,29.0,29.9
494,23.8,26.4,22.7,24.3,21.2,29.3,30.3
495,22.9,23.6,18.7,19.6,18.0,28.1,33.2
496,23.6,30.3,25.3,31.3,22.3,26.7,26.0
497,24.5,27.8,23.7,27.6,22.3,27.2,29.7
498,23.5,28.2,22.0,25.8,19.1,25.3,20.5
499,28.6,30.7,25.6,33.0,23.2,27.7,33.2
500,24.6,29.6,22.4,28.6,19.9,27.3,26.3
501,24.9,26.5,28.2,22.1,20.5,25.4,26.3
502,31.0,27.1,27.1,30.4,29.2,27.6,30.1
503,27.3,29.5,22.1,28.6,19.7,28.6,23.3
504,28.2,29.3,22.6,26.0,26.0,26.3,27.6
505,26.5,30.7,26.8,31.3,21.5,28.7,29.7
506,28.7,30.4,24.6,32.3,25.2,28.3,33.9
507,29.9,32.0,30.3,33.7,29.7,29.5,30.2
508,25.4,27.5,20.5,25.6,19.8,21.9,29.5
509,27.5,27.5,21.5,30.2,20.3,27.3,26.6
510,24.8,30.2,27.2,31.4,22.0,27.2,30.6
511,27.1,26.5,26.2,31.3,20.9,26.4,28.3
512,25.6,27.1,20.4,23.7,19.1,27.4,30.2
513,26.9,31.1,29.2,30.5,22.8,27.9,30.2
514,25.4,29.3,23.1,28.7,19.9,26.4,27.8
515,25.6,28.6,24.6,30.2,20.4,27.8,25.7
516,24.8,25.9,24.7,28.2,18.7,26.8,28.8
517,25.0,27.5,21.6,27.3,20.6,26.6,28.6
518,22.4,29.0,24.6,29.1,19.5,26.8,28.4
519,27.5,30.8,32.9,30.6,25.8,27.4,28.3
520,26.2,29.7,28.0,29.0,25.3,26.6,28.0
521,26.6,30.2,24.7,28.9,20.3,25.5,30.2
522,24.7,31.1,22.3,25.8,19.4,28.3,28.3
523,21.8,29.3,19.9,25.7,17.2,26.2,28.1
524,24.2,28.1,21.6,27.1,20.5,26.2,28.4
525,28.1,26.4,27.2,27.2,21.7,26.0,29.2
526,22.2,29.2,24.8,29.7,20.8,24.9,32.6
527,30.9,28.2,28.0,31.9,28.7,27.5,28.3
528,22.8,30.6,24.3,29.2,21.3,27.7,28.1
529,26.8,30.3,29.7,31.8,26.4,27.3,24.6
530,22.6,31.2,25.5,30.7,20.9,28.6,30.3
531,24.6,30.9,25.0,32.1,21.5,27.5,28.9
532,26.9,30.2,24.9,31.9,21.8,28.2,25.2
533,22.9,32.4,27.8,32.3,23.2,26.7,26.9
534,25.1,31.8,26.5,33.5,22.9,28.3,26.8
535,25.8,31.1,24.6,32.8,21.4,28.1,27.3
536,24.6,29.7,32.7,28.8,26.5,27.2,30.4
537,26.6,31.0,28.4,31.0,23.7,28.4,29.0
538,23.4,33.2,30.7,30.1,23.4,28.6,28.8
539,29.2,28.6,26.3,30.2,27.2,26.9,31.1
540,27.2,28.5,33.6,32.6,24.6,27.7,31.8
541,25.7,32.0,27.0,31.5,23.2,28.1,30.4
542,22.0,30.6,25.4,30.4,24.9,26.9,27.8
543,25.4,32.5,28.8,31.7,25.5,28.8,25.1
544,24.5,31.0,25.1,31.6,22.7,27.9,27.5
545,22.5,31.2,23.1,25.9,21.3,27.6,28.8
546,27.5,32.7,31.5,33.5,24.9,28.0,29.1
547,25.5,30.4,23.5,32.3,20.9,28.3,29.0
548,27.8,29.4,25.2,29.7,28.1,27.2,27.7
549,28.5,30.2,22.1,32.1,22.6,27.6,30.0
550,26.8,33.0,28.3,33.7,21.3,28.5,29.8
551,27.2,31.7,25.9,33.2,23.8,28.7,29.8
552,29.1,30.7,26.8,25.6,23.0,25.8,29.8
553,24.1,32.6,24.9,28.4,22.0,28.7,27.6
554,27.4,31.2,27.5,30.8,26.9,27.8,25.2
555,28.8,30.9,28.6,32.0,27.6,28.9,29.4
556,23.8,31.3,30.0,26.1,24.6,29.1,31.0
557,28.5,26.6,21.7,31.1,23.1,28.4,28.9
558,24.1,32.0,23.8,29.4,20.6,28.0,29.3
559,25.0,30.9,31.0,33.3,24.7,27.8,25.6
560,24.8,33.1,25.6,32.7,21.6,29.3,27.8
561,27.6,29.2,26.4,30.1,23.4,26.6,27.8
562,24.5,28.6,24.6,30.3,20.7,28.0,26.2
563,26.4,31.5,22.9,33.5,23.8,28.5,31.9
564,24.4,31.0,30.2,27.2,24.6,28.1,32.6
565,25.6,31.0,31.0,27.3,25.4,27.8,31.8
566,28.5,30.2,25.1,32.2,23.1,28.1,26.4
567,29.0,28.0,22.2,28.1,24.1,27.2,24.1
568,26.6,28.8,24.9,27.5,22.2,27.1,31.3
569,24.4,31.4,25.2,32.2,24.1,28.2,28.6
570,24.1,32.1,25.5,32.7,20.1,28.3,27.4
571,25.1,31.7,26.5,29.5,21.9,28.9,27.8
572,25.5,31.8,33.0,29.2,26.0,27.3,28.6
573,26.3,29.2,24.2,29.7,24.9,26.8,24.9
574,28.2,27.8,25.1,32.1,22.5,26.8,26.1
575,26.5,30.6,24.0,29.5,24.5,27.1,28.9
576,25.7,31.9,26.6,30.5,23.2,27.7,28.5
577,27.6,28.9,21.5,26.9,20.8,28.3,27.6
578,29.5,31.4,25.2,30.4,27.1,28.7,29.2
579,31.6,30.0,26.8,30.0,30.1,28.8,27.0
580,29.6,30.4,24.6,27.7,26.3,28.9,27.6
581,26.5,32.0,26.3,31.6,22.7,28.5,27.6
582,27.8,28.3,24.1,32.1,20.2,27.7,29.1
583,29.0,31.1,28.0,31.2,23.9,25.8,27.9
584,25.2,34.4,30.0,33.7,26.1,30.8,29.4
585,31.2,26.8,26.1,30.9,26.5,27.7,27.7
586,31.1,26.4,25.9,32.2,27.1,28.5,29.2
587,26.3,31.6,26.4,31.2,23.7,29.4,28.1
588,25.7,30.0,24.8,31.0,21.1,27.6,28.5
589,24.3,32.1,27.3,31.2,24.6,29.2,26.2
590,23.9,33.7,25.0,32.3,24.3,27.5,27.8
591,20.2,32.0,24.3,23.2,18.1,28.4,30.7
592,25.8,29.6,26.1,31.4,22.0,27.5,29.5
593,24.6,32.0,24.7,33.2,22.8,28.6,28.6
594,26.1,30.7,23.6,31.1,21.7,27.5,25.3
595,27.9,27.3,24.0,29.7,22.3,27.0,29.0
596,31.9,29.1,28.7,34.4,28.8,30.2,28.0
597,32.9,33.4,31.7,34.7,30.0,32.3,30.8
598,26.8,32.2,29.2,31.5,23.9,27.7,28.2
599,27.9,30.3,28.1,31.5,26.2,27.4,28.1
600,27.5,31.1,27.0,30.2,21.9,26.7,25.6
601,23.3,30.2,29.8,25.4,23.7,26.6,31.3
602,24.3,33.8,27.0,33.0,23.5,29.3,30.9
603,21.9,32.2,27.3,30.8,22.0,27.0,31.2
604,25.5,32.4,21.9,27.7,22.4,28.1,30.6
605,25.4,32.0,22.8,28.6,21.6,27.9,23.4
606,26.5,30.9,28.6,30.9,20.4,27.1,30.7
607,22.4,30.8,26.4,28.2,20.7,27.8,22.2
608,28.7,30.5,31.0,29.0,27.0,29.4,26.9
609,26.0,31.6,27.8,29.6,23.3,28.5,28.2
610,22.8,31.0,24.6,32.9,22.6,29.7,25.5
611,27.5,29.4,23.1,31.5,20.9,27.9,22.0
612,25.1,30.8,31.2,28.2,25.7,27.8,30.0
613,26.7,26.7,24.9,30.7,22.6,27.1,29.8
614,27.8,30.4,24.4,31.1,22.7,28.2,27.1
615,23.2,31.4,26.6,26.1,21.2,27.3,30.4
616,26.9,31.4,24.8,31.6,20.8,27.5,25.3
617,24.2,30.2,24.3,25.6,20.1,26.2,23.9
618,25.9,28.9,25.9,31.3,21.7,26.5,26.8
619,25.4,31.5,27.1,29.6,23.9,28.1,27.2
620,25.5,31.6,27.6,31.9,21.0,27.8,27.4
621,25.7,31.8,25.3,31.5,23.1,29.1,25.4
622,25.3,29.7,25.1,29.8,24.3,26.3,28.0
623,24.9,30.6,21.9,26.5,17.9,24.6,24.7
624,22.7,32.0,23.1,30.4,21.7,25.7,26.1
625,27.1,32.0,26.8,31.6,24.7,28.2,31.1
626,28.0,30.0,25.7,30.9,26.3,27.1,25.6
627,26.3,32.3,25.1,30.7,24.2,28.4,29.5
628,26.0,30.6,26.9,32.3,20.8,27.7,30.4
629,24.6,31.1,25.7,30.8,22.3,28.7,28.8
630,21.5,31.3,22.9,26.5,20.5,28.0,26.4
631,25.6,33.2,25.5,32.2,26.1,27.2,29.1
632,25.9,29.4,25.5,27.9,22.6,26.8,29.2
633,25.5,30.8,23.2,30.1,23.8,28.9,28.0
634,24.3,29.9,26.0,31.0,26.4,27.4,30.6
635,24.0,31.2,24.3,28.4,20.8,28.3,26.2
636,28.2,32.8,29.7,32.2,24.2,27.9,28.4
637,21.8,33.4,22.4,26.8,21.5,27.1,30.5
638,24.1,32.1,26.9,32.4,21.5,28.1,29.9
639,24.6,31.0,27.0,30.2,22.1,28.1,28.4
640,23.3,30.0,24.4,30.4,21.9,27.9,30.3
641,26.1,28.1,22.4,25.4,23.2,25.4,26.4
642,29.2,32.3,27.0,33.2,25.8,28.7,25.7
643,27.9,29.7,28.4,30.4,22.6,27.3,31.4
644,24.6,31.6,27.9,32.6,26.0,28.5,26.9
645,24.4,34.1,28.3,33.2,22.9,27.8,30.2
646,28.1,29.9,25.2,31.7,23.2,26.5,29.3
647,22.1,31.8,30.5,32.7,22.0,28.8,28.4
648,26.6,29.1,24.3,27.5,22.8,27.4,24.5
649,26.1,31.1,26.2,29.7,25.3,26.8,28.8
650,29.5,27.6,31.7,31.5,23.0,28.4,26.2
651,29.5,26.9,24.5,27.6,22.2,27.4,29.6
652,25.3,32.0,23.9,30.2,20.5,27.9,24.6
653,24.1,33.3,27.1,33.3,24.6,28.2,29.5
654,25.5,27.9,26.3,32.3,21.9,28.1,23.6
655,26.6,31.5,24.9,32.0,20.7,25.0,30.0
656,26.2,31.9,30.0,33.0,24.5,28.1,29.2
657,24.4,30.8,24.6,29.1,20.5,26.6,28.5
658,26.3,31.3,24.2,27.1,23.5,27.1,28.2
659,26.4,29.8,24.9,25.9,24.5,26.0,30.3
660,25.4,31.7,30.2,31.7,23.9,26.7,26.9
661,22.6,30.7,28.8,29.3,24.5,26.2,28.5
662,24.4,31.5,27.3,29.2,23.7,26.5,29.8
663,23.5,30.7,26.6,29.3,21.3,27.0,28.1
664,26.4,30.4,24.8,31.6,21.0,28.6,26.6
665,25.7,30.1,28.7,28.8,22.2,26.9,31.7
666,23.0,30.3,28.3,26.1,20.9,27.8,28.8
667,27.0,29.3,26.8,30.1,21.7,26.9,28.2
668,25.9,32.3,25.3,26.3,20.9,27.1,29.1
669,25.9,29.2,28.3,30.0,22.8,27.5,27.2
670,24.2,32.4,25.8,32.9,23.2,27.5,29.3
671,29.8,24.8,25.9,29.0,23.2,26.4,31.0
672,24.0,31.9,26.1,30.0,26.1,27.8,27.9
673,25.5,31.1,26.5,31.0,22.7,27.5,26.4
674,27.9,27.1,22.8,29.8,20.9,28.4,33.4
675,27.2,27.9,25.6,31.5,23.2,25.2,29.2
676,26.1,29.7,26.3,30.7,21.5,27.0,30.5
677,24.6,30.4,25.5,26.4,22.7,25.4,31.6
678,25.6,31.7,24.4,28.6,22.7,27.9,27.7
679,27.8,30.1,28.6,28.0,24.9,26.5,29.3
680,25.4,29.3,23.0,29.4,20.0,26.9,27.6
681,25.8,28.1,25.2,24.8,20.3,25.4,26.2
682,25.1,32.2,30.6,31.3,26.1,27.0,27.2
683,24.4,28.5,26.2,27.6,20.7,26.5,25.9
684,25.8,26.7,23.8,30.0,20.8,27.1,26.2
685,27.5,29.3,24.8,27.6,22.6,25.9,27.2
686,25.0,30.7,23.6,28.1,24.4,25.2,26.3
687,24.0,27.9,28.5,27.1,21.8,26.5,29.6
688,25.0,30.8,25.3,30.0,22.4,28.3,28.6
689,26.4,30.4,29.0,27.8,22.8,27.5,32.0
690,24.5,29.4,25.2,25.8,21.3,26.3,23.9
691,23.4,28.9,23.9,28.1,18.8,27.6,28.4
692,22.4,29.9,24.6,28.0,21.3,26.6,30.1
693,29.2,28.6,23.8,26.6,25.3,27.7,26.0
694,23.6,30.1,25.6,28.4,22.4,26.6,24.4
695,25.6,30.8,28.5,29.8,24.3,26.9,28.8
696,20.5,28.3,27.4,28.0,21.7,25.2,28.7
697,23.2,30.1,22.7,26.6,19.8,25.9,27.6
698,21.2,29.4,24.8,26.6,20.0,26.3,31.3
699,23.2,31.5,25.9,28.3,20.3,26.9,28.6
700,24.8,28.9,23.1,27.2,20.6,26.7,28.7
701,21.3,30.1,24.5,29.1,19.7,28.1,25.4
702,29.0,27.2,27.9,27.4,24.0,27.5,30.3
703,24.3,29.4,26.4,28.1,21.1,27.1,29.8
704,24.9,30.7,24.3,23.9,22.1,27.2,29.3
705,27.0,29.9,27.3,27.1,21.9,26.2,25.2
706,28.0,27.7,24.3,28.5,24.1,27.8,27.8
707,25.6,28.6,23.2,26.1,20.2,27.3,26.0
708,23.3,29.7,27.6,28.5,23.5,27.3,25.0
709,24.6,31.7,26.3,30.4,25.7,28.7,29.3
710,24.7,31.6,26.3,28.9,25.0,28.1,27.8
711,25.4,28.7,24.2,22.3,18.0,27.6,26.4
712,23.1,29.1,23.1,25.2,19.9,25.9,26.3
713,21.6,29.6,25.5,28.8,19.8,27.3,27.9
714,25.0,28.8,23.7,30.3,21.3,27.6,30.2
715,23.1,31.9,27.5,24.1,21.9,28.1,21.8
716,28.7,27.8,25.2,29.0,24.1,27.8,32.0
717,25.2,28.2,28.1,29.5,24.6,27.7,28.3
718,25.8,27.0,26.9,24.3,23.8,26.7,33.3
719,25.1,29.8,26.8,28.9,22.8,28.3,32.1
720,22.5,29.6,27.6,28.0,20.3,27.8,28.2
721,24.1,31.0,26.5,29.2,24.0,27.4,29.6
722,21.7,31.4,25.5,25.3,19.3,26.9,28.9
723,24.8,32.4,25.7,28.0,27.7,28.1,27.6
724,25.8,29.3,26.4,28.4,23.4,29.2,29.1
725,28.0,25.8,24.2,26.2,22.6,27.7,26.2
726,21.6,30.4,25.9,30.0,19.5,26.3,28.2
727,25.3,28.8,27.4,28.5,22.8,27.3,28.2
728,26.2,26.9,25.8,26.1,25.7,26.9,27.6
729,24.8,26.9,26.5,28.4,24.1,26.0,22.8
730,23.9,27.7,23.4,23.5,20.8,26.4,28.8
731,23.8,28.6,26.5,28.4,21.6,26.7,27.6
732,28.8,25.6,24.1,23.4,25.3,27.0,27.9
733,26.2,30.7,24.5,29.0,26.9,28.4,29.6
734,24.7,29.6,25.0,29.3,22.2,28.0,28.2
735,28.4,28.7,28.6,28.2,22.5,28.7,30.4
736,27.6,29.3,26.9,29.7,26.2,26.9,29.1
737,24.1,30.1,24.9,29.0,21.3,27.1,28.9
738,24.3,28.0,25.6,27.1,22.2,27.0,25.2
739,28.0,28.5,23.9,29.4,20.0,25.9,26.6
740,28.6,27.1,24.3,23.9,23.6,26.3,26.8
741,24.0,29.8,27.1,27.7,20.7,28.3,29.5
742,27.4,26.6,24.8,30.3,22.3,26.2,25.8
743,27.2,27.5,26.8,28.4,21.8,27.1,26.3
744,26.0,28.2,29.1,26.8,23.5,27.2,31.7
745,20.1,30.3,26.5,28.3,20.4,27.0,30.5
746,25.1,28.5,31.2,29.4,23.3,28.5,28.4
747,30.0,30.9,27.2,31.2,28.6,28.6,30.0
748,25.2,30.3,27.6,27.6,22.0,26.7,30.5
749,23.6,29.9,23.3,23.6,19.3,27.3,27.7
750,25.4,29.8,32.5,30.7,24.6,28.8,30.3
751,26.5,30.2,28.5,29.5,25.5,28.0,28.1
752,24.1,30.5,23.7,25.8,20.0,28.2,28.8
753,20.9,29.6,25.5,28.0,21.5,28.5,34.6
754,23.5,31.4,26.2,30.8,21.9,27.9,28.2
755,20.8,29.2,26.4,26.4,20.6,26.5,29.9
756,25.6,31.1,26.6,23.5,22.6,26.6,26.4
757,20.8,30.7,25.1,23.3,20.3,26.4,26.6
758,27.3,29.1,25.4,30.5,24.6,27.0,25.1
759,22.9,28.8,23.5,25.2,19.9,26.2,31.8
760,24.2,29.1,26.5,28.9,21.1,26.7,23.2
761,21.7,29.1,25.7,27.4,20.1,26.6,27.1
762,25.9,28.7,24.1,29.8,23.1,26.6,23.5
763,28.0,28.9,29.2,29.6,24.4,27.5,30.4
764,24.0,28.9,27.2,31.8,22.5,27.4,29.0
765,23.8,28.4,27.1,26.7,24.3,26.8,27.9
766,24.8,28.4,26.8,30.2,21.7,27.0,29.0
767,27.0,22.6,25.4,29.4,19.4,27.5,27.4
768,22.6,27.5,25.2,28.6,20.9,26.5,27.5
769,21.1,30.0,23.8,29.5,20.9,26.5,27.7
770,24.4,29.4,25.7,29.8,22.2,26.5,25.8
771,25.4,27.9,24.7,25.7,21.4,26.5,31.3
772,25.8,29.0,24.7,26.6,22.0,27.2,28.7
773,23.7,29.6,24.6,30.2,21.0,25.9,30.6
774,26.2,28.1,28.7,28.9,21.6,26.7,28.8
775,27.0,29.1,24.3,25.1,23.3,26.7,27.0
776,23.8,29.2,27.0,27.6,22.5,29.0,22.7
777,27.0,29.5,28.6,30.6,23.3,28.8,26.5
778,23.8,28.0,23.8,25.0,21.2,27.8,29.2
779,22.3,29.0,25.3,26.4,21.2,27.0,28.3
780,23.9,29.7,29.4,29.8,22.7,27.2,27.7
781,27.0,29.2,25.5,28.3,24.2,27.4,22.8
782,23.0,29.0,24.1,25.7,20.7,27.8,25.5
783,22.8,32.2,27.4,30.6,22.6,27.3,31.1
784,25.0,31.9,29.2,32.0,22.7,27.2,28.4
785,26.4,28.1,24.1,30.0,23.0,27.3,25.7
786,27.6,27.5,24.0,25.9,25.4,26.2,25.8
787,25.3,28.7,23.7,28.2,22.0,26.8,29.7
788,30.0,28.2,24.8,28.7,22.8,27.3,28.7
789,25.0,29.0,27.0,29.1,21.6,27.5,29.9
790,24.0,31.1,30.7,30.3,24.3,29.6,27.9
791,26.2,29.6,22.7,30.2,19.7,27.0,29.8
792,25.1,29.4,26.0,27.6,23.6,27.3,29.6
793,29.4,26.6,24.8,29.4,26.2,27.9,30.0
794,30.8,24.4,24.0,29.1,22.4,27.5,34.1
795,20.5,30.8,26.6,28.4,20.4,27.9,28.9
796,21.9,29.6,24.0,30.3,21.3,27.1,22.5
797,24.8,32.1,31.6,28.5,24.5,29.7,32.1
798,26.7,28.4,24.5,26.4,21.1,28.0,29.6
799,26.8,29.3,25.5,27.7,22.7,27.2,23.9
800,29.1,27.8,27.1,32.9,22.7,28.2,27.8
801,27.9,26.9,34.4,33.3,25.5,29.6,31.1
802,25.1,31.4,26.0,30.8,23.8,28.2,28.1
803,31.1,29.2,24.0,27.2,26.9,27.5,28.0
804,24.1,29.4,25.6,27.7,24.8,27.7,23.0
805,27.7,27.4,21.7,26.8,20.4,27.4,23.2
806,25.2,29.6,27.5,28.1,22.2,27.5,31.1
807,26.1,30.1,25.8,31.0,25.4,28.5,28.3
808,28.7,28.8,24.7,32.4,23.8,28.7,27.1
809,28.1,29.1,23.6,27.1,24.4,26.7,29.3
810,24.8,29.6,25.7,30.1,21.0,29.5,27.2
811,29.2,26.2,26.5,28.6,28.1,29.5,32.2
812,25.4,30.7,28.6,28.5,24.5,29.4,28.9
813,25.4,30.2,27.3,29.3,23.6,28.9,28.7
814,27.8,30.9,23.8,31.9,21.8,29.0,26.9
815,28.2,33.1,28.3,32.0,25.3,31.6,33.5
816,25.8,30.2,25.3,30.0,20.8,29.3,27.3
817,24.8,30.1,25.6,24.5,21.1,27.6,27.4
818,29.0,27.4,26.8,29.7,24.0,28.6,21.3
819,27.2,30.8,26.4,29.3,26.9,28.6,27.6
820,27.3,32.3,24.7,31.2,21.9,30.6,25.6
821,24.9,32.0,26.2,29.9,21.4,29.4,32.4
822,25.2,29.7,24.8,25.2,21.7,29.8,27.5
823,28.4,28.0,27.0,28.6,26.6,29.5,27.9
824,27.1,29.7,23.1,28.7,22.9,29.9,29.6
825,23.7,30.7,25.4,28.3,20.7,30.4,30.0
826,25.9,31.2,25.6,31.0,22.1,30.0,28.1
827,25.0,32.2,27.2,28.7,20.9,30.6,30.9
828,25.7,30.1,22.3,29.7,21.9,30.8,30.8
829,25.7,31.2,27.2,29.9,23.8,29.9,25.3
830,27.4,29.3,24.7,26.5,21.6,29.7,26.7
831,28.1,29.7,30.0,28.7,24.1,30.2,32.8
832,26.2,30.6,29.3,24.4,23.1,30.4,28.9
833,27.0,29.3,26.2,30.0,23.5,30.6,32.0
834,30.9,27.9,26.7,28.6,30.2,29.7,34.1
835,25.6,32.5,27.9,30.2,25.9,31.1,31.3
836,24.7,31.4,25.7,28.7,22.6,30.6,30.4
837,26.0,30.5,24.2,27.2,21.4,25.8,33.0
838,28.7,29.0,24.2,26.6,28.1,31.5,29.5
839,23.1,31.9,29.0,29.1,24.0,32.3,32.2
840,25.9,29.4,25.6,27.6,23.7,31.3,27.4
841,27.3,27.0,21.2,25.0,22.0,31.0,26.9
842,25.0,29.0,23.1,28.7,21.8,31.7,31.5
843,25.1,29.8,26.0,29.3,25.2,31.1,28.1
844,24.3,30.5,29.5,31.4,23.0,30.6,28.1
845,28.8,30.4,23.1,32.2,21.2,30.9,30.3
846,25.1,28.2,27.1,26.9,21.6,30.1,32.2
847,28.7,28.0,25.4,28.4,23.6,30.2,33.1
848,29.3,26.6,25.2,29.3,26.3,31.8,31.6
849,28.9,29.4,24.4,27.5,28.1,32.1,28.1
850,27.5,29.3,25.9,27.5,24.4,30.6,24.2
851,26.4,29.9,26.7,28.1,23.8,31.8,34.0
852,28.8,29.2,29.2,30.7,25.7,32.4,30.1
853,24.5,30.9,27.0,27.3,22.4,31.2,31.2
854,24.7,32.3,26.9,32.3,25.8,31.1,25.8
855,23.9,30.6,23.5,31.6,20.8,31.4,28.0
856,24.3,32.4,25.1,31.5,24.1,29.7,32.2
857,29.0,31.6,26.9,29.7,28.0,30.8,30.8
858,27.8,31.9,33.6,26.9,26.9,32.1,33.1
859,27.5,32.7,34.1,28.4,26.9,31.5,26.8
860,25.6,31.9,24.8,29.4,21.7,31.8,28.4
861,26.9,32.1,29.1,30.1,23.5,30.8,28.3
862,28.0,31.0,27.5,31.4,25.1,30.8,34.0
863,29.5,31.1,30.4,31.8,24.5,32.8,29.9
864,25.4,31.8,25.7,31.0,20.9,32.0,28.9
865,22.8,32.8,26.8,30.1,21.9,31.5,29.4
866,26.3,30.5,24.8,31.5,23.0,31.8,25.3
867,25.6,31.4,30.2,28.0,24.3,32.6,27.0
868,30.0,31.6,27.7,31.1,27.7,30.9,28.1
869,28.0,29.1,30.1,27.9,23.5,32.1,27.4
870,27.4,31.6,24.5,28.9,20.5,31.6,30.3
871,29.2,29.6,25.8,29.4,26.9,30.9,30.2
872,30.1,30.2,24.0,29.1,27.0,32.5,25.5
873,29.1,32.1,29.7,31.6,27.4,31.6,28.5
874,27.4,31.5,28.2,30.8,24.7,30.9,28.6
875,29.2,33.0,25.8,31.1,21.5,30.9,29.2
876,26.2,31.9,25.7,30.1,23.7,32.2,31.0
877,28.7,32.3,25.6,32.7,23.6,31.9,29.4
878,24.0,33.0,25.7,32.3,21.2,30.4,30.4
879,28.0,31.5,24.6,29.7,20.6,31.4,27.4
880,27.6,29.8,25.4,31.7,23.5,31.5,28.8
881,28.7,31.6,25.2,30.1,28.3,32.5,30.4
882,30.5,30.2,28.2,29.2,26.9,33.3,26.7
883,19.1,31.4,22.7,29.4,20.8,32.1,25.6
884,24.5,31.5,26.1,29.9,21.8,31.3,27.4
885,27.8,29.5,24.8,33.2,22.8,32.1,29.7
886,26.7,30.5,23.0,27.7,21.3,29.7,28.2
887,29.1,30.3,27.0,30.3,28.5,31.9,31.2
888,26.3,30.6,26.2,30.9,23.5,31.8,30.0
889,30.1,30.2,26.2,31.1,24.8,30.7,29.1
890,29.2,30.7,24.5,26.5,24.1,32.9,28.8
891,26.0,32.1,25.0,27.7,27.8,32.6,28.6
892,24.6,33.5,25.1,31.1,23.0,31.3,27.9
893,29.4,31.1,27.7,31.3,25.2,30.8,33.5
894,26.6,30.6,23.1,27.7,23.1,31.3,28.2
895,26.6,31.9,28.5,33.6,24.9,31.9,25.6
896,26.1,33.4,30.1,27.8,23.4,31.4,31.4
897,27.5,29.4,27.4,31.1,23.7,32.2,29.3
898,28.0,31.7,27.7,32.5,25.9,32.1,26.3
899,28.4,28.7,24.4,28.4,19.9,32.4,25.0
900,29.4,34.2,28.5,34.2,26.2,33.6,31.4
901,26.9,29.7,25.4,31.4,22.6,32.2,29.3
902,26.0,31.5,22.9,28.2,20.9,30.8,25.4
903,21.5,32.0,27.2,31.4,23.3,31.4,29.2
904,29.0,28.7,25.6,27.2,26.8,32.0,27.6
905,31.7,27.9,27.0,32.6,24.4,32.9,27.2
906,24.6,32.5,29.0,31.6,22.8,32.4,29.5
907,25.7,31.0,30.0,29.2,25.9,31.3,31.1
908,25.0,32.6,26.3,32.5,23.8,32.7,30.5
909,21.9,31.8,24.0,30.1,21.6,33.2,30.3
910,29.7,31.0,25.6,30.1,26.6,32.6,30.0
911,25.3,31.2,24.4,28.1,22.5,32.4,29.8
912,31.0,30.4,23.6,25.4,24.3,32.5,27.4
913,30.5,30.8,25.7,32.9,26.5,32.8,25.9
914,30.0,28.5,25.3,29.3,23.3,31.7,27.7
915,22.8,32.2,23.2,26.0,20.8,31.8,27.9
916,29.8,30.5,21.5,31.2,22.1,32.5,29.1
917,28.7,31.1,25.4,30.4,27.4,32.9,30.2
918,28.4,29.9,24.3,30.9,21.4,31.2,27.3
919,26.0,32.5,31.0,27.7,24.3,31.6,27.4
920,27.2,31.1,27.2,30.8,21.3,32.0,28.3
921,27.1,32.0,26.4,30.7,23.5,32.2,26.1
922,26.4,31.9,25.6,31.0,22.9,32.7,28.8
923,28.8,31.8,25.8,27.0,22.9,32.3,28.1
924,27.9,30.7,25.0,28.7,26.4,32.5,29.1
925,28.3,32.9,28.6,31.0,24.5,32.7,29.4
926,24.3,31.7,27.4,29.8,23.4,33.1,26.9
927,23.4,30.0,28.0,24.7,21.0,32.7,29.5
928,25.9,32.5,29.9,30.0,25.4,31.8,33.3
929,26.9,31.7,24.4,24.9,22.6,32.2,30.2
930,25.2,30.5,25.5,30.6,25.6,33.2,33.5
931,25.9,31.8,28.2,31.8,23.3,32.9,34.0
932,28.3,32.2,28.9,28.8,26.8,34.0,30.5
933,26.2,32.1,22.5,27.9,21.7,32.1,24.8
934,28.3,30.3,26.1,32.3,24.8,32.6,32.1
935,27.1,31.4,25.8,31.7,22.2,33.4,29.8
936,26.7,31.8,25.2,27.0,22.3,33.4,28.7
937,25.3,32.8,28.9,31.4,22.7,32.2,32.5
938,26.2,32.7,23.4,31.0,21.1,31.7,27.8
939,29.6,32.8,25.7,33.5,24.4,31.9,26.4
940,29.1,31.2,26.0,30.1,23.7,32.0,29.6
941,26.7,31.4,24.9,27.8,24.0,33.3,29.7
942,28.3,31.9,29.1,31.1,23.4,33.5,29.4
943,29.3,30.4,26.0,29.7,25.2,33.5,23.7
944,28.5,32.6,29.3,29.2,24.5,32.4,31.2
945,25.8,32.8,26.7,29.2,24.8,33.4,30.1
946,27.0,31.8,26.3,29.0,25.8,32.3,34.7
947,31.2,30.3,27.2,31.2,26.4,33.2,28.3
948,27.0,32.9,28.3,31.1,27.0,33.4,28.3
949,27.9,33.6,28.3,30.8,24.9,33.1,36.5
950,28.4,33.6,27.0,29.8,25.1,31.4,27.8
951,25.8,33.3,21.6,27.8,21.0,33.6,26.8
952,26.9,32.5,31.3,29.8,22.2,33.5,26.8
953,24.9,34.6,23.8,27.9,23.4,33.7,29.2
954,23.3,33.0,24.5,26.8,20.1,31.9,29.6
955,27.4,33.3,26.2,31.6,23.5,33.9,29.9
956,27.2,28.7,20.5,25.1,19.4,32.1,26.8
957,27.3,34.0,27.0,33.2,24.6,34.8,33.1
958,28.1,33.8,27.3,31.6,25.5,34.5,27.4
959,25.9,33.0,25.9,31.6,24.0,33.5,29.0
960,31.0,32.3,24.3,27.6,22.6,33.3,27.5
961,30.0,29.0,27.4,28.6,27.6,30.6,34.1
962,28.7,32.6,27.7,31.5,25.1,32.8,30.0
963,23.2,31.3,28.0,25.6,20.3,33.1,26.1
964,30.3,31.1,24.9,31.6,25.7,33.6,28.8
965,27.0,32.1,26.9,30.1,24.4,33.3,28.5
966,25.8,33.9,24.6,32.6,23.5,33.6,29.3
967,31.2,28.9,26.0,28.7,27.5,33.0,27.5
968,27.3,32.2,27.4,30.9,23.8,33.4,29.4
969,28.1,32.5,23.7,29.5,21.6,33.8,29.3
970,27.8,32.8,25.1,29.0,22.5,34.2,27.5
971,24.8,33.1,26.2,30.4,22.1,33.8,36.8
972,30.7,32.0,27.6,28.5,28.2,32.3,26.6
973,22.0,33.6,28.1,31.8,23.3,32.8,29.6
974,29.3,32.0,28.0,32.6,23.7,35.1,29.6
975,26.4,34.0,26.2,31.3,24.4,34.0,27.6
976,26.5,34.5,29.5,32.2,22.9,33.7,31.8
977,31.1,26.9,23.3,26.9,22.3,33.7,32.7
978,29.4,33.2,26.4,31.6,22.7,33.2,23.5
979,28.5,32.1,28.3,30.8,25.0,32.4,30.1
980,27.4,31.4,24.9,26.0,21.9,33.7,27.2
981,24.2,33.2,27.2,30.0,24.3,34.3,28.5
982,30.4,31.8,28.3,32.1,26.7,32.8,35.0
983,23.2,33.1,27.4,31.6,23.1,34.0,29.3
984,24.6,32.8,26.7,31.4,23.4,33.8,30.2
985,27.2,32.9,26.2,32.4,25.0,32.7,28.4
986,30.3,33.1,31.6,30.2,25.1,33.4,33.5
987,27.4,34.0,26.1,31.4,29.2,32.0,26.6
988,27.2,33.3,25.6,34.2,25.7,33.4,29.1
989,29.5,32.4,26.5,30.4,23.6,34.4,30.8
990,26.2,35.4,26.3,29.9,21.8,33.3,31.8
991,27.6,33.8,30.9,31.0,26.3,33.8,28.9
992,30.3,32.2,27.4,31.9,24.6,33.1,33.4
993,25.8,32.3,26.4,32.5,22.3,33.1,31.9
994,25.6,34.0,28.5,26.8,22.1,33.7,32.4
995,28.3,30.1,30.6,27.9,22.5,34.1,29.1
996,29.8,32.5,26.3,31.0,24.9,34.4,29.6
997,25.3,33.2,27.7,30.4,23.6,32.9,30.1
998,31.5,34.1,27.7,33.1,24.7,33.4,28.9
999,28.6,32.2,26.7,32.4,23.7,33.7,29.2
1000,23.4,34.4,24.4,32.7,21.2,32.4,28.2
1001,24.1,33.7,22.2,28.1,24.9,34.5,27.3
1002,26.5,33.5,28.6,32.9,23.9,34.2,27.3
1003,26.8,32.3,26.5,32.1,25.5,34.2,31.5
1004,25.9,33.3,27.7,31.3,24.9,33.6,33.1
1005,30.0,33.8,25.2,33.1,25.3,33.4,32.3
1006,26.6,33.5,27.5,31.0,24.4,33.6,30.3
1007,31.6,31.1,27.4,31.5,27.4,33.2,30.1
1008,28.8,32.0,23.2,28.9,25.3,34.1,30.2
1009,30.4,31.9,25.9,31.3,24.5,34.7,30.3
1010,26.5,31.8,26.0,30.4,21.6,34.4,29.1
1011,31.0,31.9,29.7,30.3,29.2,34.1,31.6
1012,29.8,32.7,22.8,28.5,22.6,32.4,27.9
1013,27.0,33.1,26.7,31.4,24.7,34.6,31.1
1014,28.2,31.9,24.6,28.1,23.1,33.1,27.9
1015,26.3,32.0,24.6,30.7,26.5,32.1,27.4
1016,27.4,33.1,27.3,31.7,27.0,33.2,28.2
1017,31.1,29.9,25.0,31.2,27.2,32.7,25.0
1018,31.0,29.5,25.1,29.5,25.0,33.4,29.9
1019,28.1,33.0,24.6,28.6,23.0,33.7,28.0
1020,26.0,35.1,30.9,33.8,26.5,34.6,31.9
1021,28.9,31.5,27.3,30.0,22.7,32.6,26.1
1022,30.8,29.6,30.6,27.1,25.4,34.8,24.9
1023,26.6,34.7,30.1,32.9,27.5,34.7,31.7
1024,23.5,32.8,24.0,28.6,21.3,34.6,31.2
1025,29.6,34.4,27.4,35.4,24.4,34.3,26.7
1026,27.9,32.3,24.9,29.2,22.2,33.8,30.0
1027,29.6,33.9,29.2,33.4,26.6,34.4,26.9
1028,27.3,33.7,33.4,31.2,27.2,35.8,33.5
1029,29.8,35.4,28.8,34.2,26.0,35.2,31.6
1030,28.3,34.6,28.1,32.1,25.0,34.7,30.1
1031,26.9,33.3,28.0,30.0,23.5,34.1,31.9
1032,30.3,33.5,25.9,30.9,24.7,35.0,24.0
1033,31.2,32.4,27.6,33.7,28.0,34.4,32.8
1034,29.8,33.9,29.4,35.4,26.4,34.7,27.7
1035,31.3,34.3,29.9,35.7,25.9,36.1,31.5
1036,27.8,34.2,28.8,35.6,26.5,35.3,29.7
1037,29.5,33.6,28.1,35.0,29.9,35.3,31.6
1038,32.7,33.1,28.9,34.8,31.3,36.6,32.1
1039,26.3,34.4,26.1,30.3,26.7,34.4,27.3
1040,28.4,35.7,29.0,35.2,25.3,35.7,27.7
1041,33.8,32.1,32.1,35.7,28.2,35.6,29.6
1042,27.8,36.1,31.3,35.9,25.8,35.6,30.8
1043,28.9,35.6,30.3,35.7,27.5,35.6,31.0
1044,24.6,35.6,23.4,33.3,21.5,34.3,31.9
1045,30.2,34.3,27.6,29.6,24.5,34.3,29.7
1046,29.9,34.3,27.4,29.6,25.2,35.3,31.5
1047,30.9,35.8,30.2,33.4,28.2,35.7,33.3
1048,30.7,34.8,29.6,34.1,26.3,35.7,30.9
1049,30.8,33.5,27.7,31.4,28.8,34.9,31.1
1050,28.4,35.2,31.5,37.2,28.5,36.1,33.1
1051,29.3,35.0,30.5,33.5,29.8,34.9,31.8
1052,28.5,34.9,33.3,32.0,28.7,34.9,36.2
1053,33.7,34.6,33.1,36.5,29.9,35.6,38.2
1054,29.6,35.1,28.4,32.4,25.3,34.6,27.8
1055,32.1,34.3,33.1,31.9,32.4,35.3,30.5
1056,27.4,35.6,26.8,32.4,24.4,34.3,28.6
1057,30.9,33.9,28.0,36.1,26.0,34.2,29.7
1058,23.2,35.5,25.5,36.5,22.9,34.9,24.4
1059,23.2,32.2,21.1,26.7,21.3,34.1,28.0
1060,32.0,33.1,26.5,35.4,24.9,35.1,29.9
1061,29.7,34.6,29.9,34.1,25.6,34.8,31.4
1062,27.6,34.8,29.8,36.0,26.9,35.9,28.9
1063,30.9,35.7,29.1,36.2,27.9,36.4,32.9
1064,29.3,35.0,28.6,34.7,26.4,35.8,31.9
1065,27.4,34.4,29.2,35.4,24.4,35.2,26.5
1066,32.6,31.8,29.9,34.0,29.9,30.0,28.0
1067,34.5,34.4,29.7,38.2,32.3,37.3,30.4
1068,31.7,35.4,29.7,34.3,26.9,35.4,30.7
1069,24.1,36.2,22.1,35.6,20.5,35.9,23.4
1070,30.7,32.5,27.1,35.0,22.7,33.7,29.4
1071,28.9,35.0,29.8,34.1,26.3,34.4,31.5
1072,30.2,33.8,27.2,26.7,25.5,34.0,30.7
1073,31.3,33.2,30.7,32.5,27.3,34.7,29.9
1074,26.4,32.8,28.9,33.2,25.2,33.6,31.3
1075,26.9,35.7,27.9,35.8,25.4,34.7,30.8
1076,24.5,35.0,27.5,29.7,22.7,32.9,30.1
1077,30.6,33.5,23.7,29.4,25.7,32.2,31.9
1078,28.7,33.7,29.6,32.4,25.8,34.6,30.8
1079,32.8,35.1,28.8,36.8,28.2,34.4,29.4
1080,29.3,32.9,27.8,33.0,25.6,33.3,31.4
1081,30.5,34.9,33.0,31.3,25.4,32.9,33.3
1082,28.9,34.1,26.3,32.6,25.5,33.2,26.1
1083,28.0,34.8,26.5,35.4,25.1,33.7,33.3
1084,25.5,36.2,30.6,36.5,26.2,33.6,26.5
1085,30.7,33.3,28.1,34.2,26.3,33.1,29.6
1086,32.2,33.9,27.5,35.9,25.4,34.3,31.6
1087,31.5,33.3,29.7,32.4,25.3,33.8,29.4
1088,31.7,33.8,31.2,31.9,28.4,35.2,28.8
1089,28.6,37.3,35.6,30.3,32.7,34.8,32.4
1090,32.9,34.5,28.5,33.6,30.9,34.1,29.7
1091,30.9,35.6,30.4,33.9,30.2,35.5,31.5
1092,30.4,32.2,27.6,32.4,27.3,34.1,28.5
1093,29.5,34.7,35.0,33.2,28.8,33.8,29.3
1094,30.6,35.8,31.3,34.8,27.1,33.9,33.3
1095,29.4,35.8,31.1,35.5,27.1,34.2,31.8
1096,25.8,36.1,31.4,35.8,28.0,34.3,33.5
1097,27.5,34.3,27.0,34.7,23.5,32.6,31.2
1098,25.5,36.0,27.7,34.6,24.9,33.5,29.3
1099,21.4,34.4,23.0,31.2,22.1,33.7,25.4
1100,27.3,34.5,24.6,29.4,22.7,34.0,30.3
1101,29.5,33.3,27.2,35.5,24.1,32.9,29.0
1102,27.5,33.4,26.6,34.2,24.2,32.5,28.1
1103,29.5,33.7,23.4,30.4,22.8,33.8,27.7
1104,27.0,36.8,28.2,35.8,25.4,34.1,28.3
1105,33.7,30.4,26.6,30.8,27.6,32.9,30.1
1106,28.8,35.9,31.1,35.2,27.6,34.3,33.2
1107,25.4,35.0,30.8,33.6,29.7,34.3,31.6
1108,30.2,32.8,36.4,33.0,29.4,35.0,34.9
1109,25.2,35.4,29.3,34.5,25.3,32.9,27.9
1110,28.3,34.7,28.4,33.1,26.7,33.7,29.5
1111,29.8,35.2,26.7,34.2,24.9,33.5,31.2
1112,28.7,36.1,30.8,35.6,27.4,34.1,30.4
1113,27.0,34.6,29.4,33.8,26.4,34.5,34.1
1114,30.3,32.7,30.1,34.2,26.3,31.6,32.4
1115,30.9,33.7,22.0,30.6,22.3,33.0,28.9
1116,25.7,33.4,23.0,31.6,23.3,32.7,28.6
1117,28.4,34.5,25.3,31.4,25.1,34.1,30.0
1118,30.5,35.3,31.5,27.0,28.1,33.0,33.9
1119,32.5,34.7,29.8,36.8,29.3,34.2,34.9
1120,28.2,33.9,28.9,33.4,26.3,33.7,30.0
1121,33.3,33.6,24.8,34.5,25.2,33.9,31.1
1122,25.2,34.7,24.2,31.9,24.8,33.3,28.4
1123,30.9,34.4,26.6,34.2,27.8,35.1,28.3
1124,30.0,34.5,32.7,34.6,30.6,34.2,31.4
1125,26.5,35.1,26.3,37.3,29.5,34.5,29.0
1126,30.1,33.5,28.1,34.5,26.5,33.7,33.2
1127,28.7,35.7,28.2,36.3,25.6,33.5,28.7
1128,30.3,36.5,26.0,33.9,25.4,34.8,30.8
1129,24.1,34.8,30.2,33.3,25.9,33.3,31.1
1130,23.7,35.3,26.7,35.2,24.1,33.9,30.3
1131,29.4,33.3,26.3,32.7,24.1,34.5,28.6
1132,28.8,35.5,29.6,34.3,29.7,35.5,31.4
1133,27.4,34.0,26.9,34.8,23.6,32.7,28.5
1134,28.0,33.6,28.5,32.7,25.5,33.8,30.6
1135,25.6,32.6,24.8,33.5,24.8,34.0,30.3
1136,26.0,33.5,30.0,34.5,25.1,34.2,33.4
1137,28.6,32.8,30.8,33.6,26.0,34.1,28.7
1138,25.0,33.8,28.6,34.0,25.7,34.8,31.3
1139,32.8,32.4,29.1,36.6,27.2,35.6,29.2
1140,28.4,33.3,27.2,27.7,25.2,32.7,26.5
1141,28.8,33.3,29.3,30.9,24.4,33.4,30.6
1142,26.6,32.8,28.3,34.5,26.0,34.3,27.4
1143,23.6,34.2,24.4,34.7,22.8,33.5,28.9
1144,26.0,35.1,31.9,34.5,27.0,33.6,31.3
1145,29.3,34.8,30.5,35.2,28.4,32.9,29.0
1146,29.8,34.2,30.5,34.9,26.2,35.0,33.3
1147,31.8,34.0,31.1,34.3,32.6,35.2,33.0
1148,27.2,35.2,26.6,37.0,25.7,35.5,31.4
1149,29.9,35.9,32.3,35.1,26.4,34.1,33.1
1150,32.4,35.3,33.8,36.0,30.6,34.0,31.6
1151,28.6,35.0,30.1,34.6,30.1,33.7,30.1
1152,31.1,32.4,28.1,31.7,27.1,33.7,32.8
1153,28.6,34.7,35.9,30.5,29.3,34.6,32.7
1154,29.6,36.1,29.6,34.9,26.7,34.9,35.5
1155,28.7,36.5,29.5,33.5,26.9,33.0,33.8
1156,28.7,34.5,29.9,34.4,26.9,34.5,32.4
1157,29.9,35.5,27.4,34.0,26.1,34.7,28.4
1158,26.3,33.3,28.9,28.8,24.8,35.1,29.5
1159,28.7,32.8,25.4,34.0,24.3,33.8,29.5
1160,26.1,36.5,26.4,35.5,24.1,34.7,26.9
1161,24.4,35.7,20.8,32.9,21.2,33.8,24.0
1162,25.9,35.1,28.1,35.3,24.8,34.0,26.6
1163,26.8,35.9,24.7,35.1,22.6,33.6,30.0
1164,28.8,34.5,31.6,34.0,29.6,33.7,27.5
1165,26.6,34.3,28.3,33.7,24.8,34.0,30.0
1166,23.5,34.5,26.0,34.5,27.2,33.8,32.1
1167,30.8,32.4,33.7,28.4,27.7,33.2,29.4
1168,25.2,33.7,29.1,33.8,24.2,33.0,28.7
1169,25.1,34.2,28.1,33.2,24.8,33.4,27.8
1170,24.6,34.9,33.2,33.6,26.3,34.8,29.8
1171,25.3,32.2,34.3,26.1,28.3,33.5,34.9
1172,25.1,33.7,26.9,32.7,23.9,33.4,31.8
1173,26.7,33.2,26.7,34.9,22.4,33.8,22.4
1174,27.8,33.2,24.5,34.6,22.2,34.0,29.6
1175,23.7,34.5,26.5,32.5,22.3,33.1,30.2
1176,26.3,35.8,29.6,34.2,26.3,34.1,33.3
1177,27.4,33.1,22.2,25.3,21.5,32.9,28.9
1178,24.6,34.3,23.1,28.3,21.3,28.8,29.3
1179,29.0,32.5,25.7,32.3,24.4,34.0,28.4
1180,30.6,31.7,28.2,32.7,30.2,33.5,26.8
1181,28.4,33.9,27.3,30.8,24.1,35.0,27.9
1182,28.2,32.1,23.1,28.8,24.9,33.7,28.5
1183,25.6,34.2,26.6,33.6,23.6,32.8,27.7
1184,22.8,34.2,22.3,32.4,23.3,33.1,31.6
1185,23.1,33.5,25.0,32.6,22.7,32.4,23.5
1186,30.4,33.7,30.3,32.1,24.0,31.8,33.5
1187,29.4,34.0,29.5,35.9,26.8,34.6,32.3
1188,23.7,35.9,25.5,35.2,27.1,35.2,30.9
1189,29.6,33.7,26.7,33.1,24.8,34.5,28.3
1190,27.7,32.6,26.1,31.6,24.1,33.9,33.7
1191,27.1,33.2,26.2,33.1,24.7,33.4,30.6
1192,30.4,33.3,28.4,35.2,25.4,32.7,35.3
1193,29.1,34.2,30.7,32.2,26.2,34.5,31.3
1194,27.7,33.7,27.3,31.7,27.0,32.9,27.4
1195,24.8,37.1,32.8,36.5,27.4,33.0,32.6
1196,26.3,34.9,29.3,32.8,25.2,34.8,32.4
1197,28.5,35.5,30.6,34.3,30.9,33.1,30.7
1198,25.3,34.8,28.6,33.0,27.6,33.9,31.0
1199,30.5,32.7,29.2,32.9,25.1,33.7,34.4
1200,32.8,31.7,26.7,29.7,29.2,32.9,29.6
1201,31.0,33.8,29.6,36.7,24.9,33.7,34.1
1202,32.3,34.7,29.3,36.5,26.5,33.7,33.2
1203,31.4,34.6,29.8,34.8,29.0,33.2,31.2
1204,32.0,35.1,31.5,35.9,30.1,34.1,28.8
1205,24.9,35.4,29.0,31.9,24.3,32.8,32.7
1206,24.4,35.6,27.8,35.9,26.2,35.3,32.9
1207,29.2,34.2,25.6,31.2,22.7,33.2,28.9
1208,26.6,36.7,28.6,35.1,25.5,33.2,30.8
1209,34.3,31.5,29.9,31.0,28.7,32.2,28.2
1210,29.1,35.7,25.0,33.7,24.7,32.7,27.2
1211,30.5,36.0,29.2,35.9,31.1,33.8,29.9
1212,31.7,35.1,30.2,33.1,28.8,31.5,30.9
1213,32.4,36.2,30.0,31.3,36.4,32.6,29.2
1214,26.8,35.0,28.3,33.1,24.3,32.4,29.3
1215,34.3,32.8,31.7,34.6,31.8,30.3,30.6
1216,35.3,26.8,25.8,33.7,24.2,32.0,31.6
1217,27.0,35.8,27.0,34.1,25.1,34.1,29.4
1218,31.1,33.4,26.7,28.7,27.4,31.4,28.3
1219,32.1,32.2,27.5,32.6,27.6,32.2,29.0
1220,31.4,34.1,25.9,31.6,23.5,31.6,32.3
1221,27.7,35.9,28.9,37.0,25.9,33.9,31.4
1222,34.2,31.6,28.4,30.2,30.6,32.7,29.2
1223,31.0,34.8,28.9,35.4,22.9,33.4,29.4
1224,30.6,37.2,29.3,35.6,29.5,34.2,29.6
1225,22.8,36.1,25.8,31.9,25.9,33.1,30.3
1226,30.1,33.9,28.6,34.0,27.2,33.7,29.0
1227,31.1,35.9,31.2,34.8,31.5,34.2,30.8
1228,30.6,35.3,34.8,33.3,29.3,33.7,33.3
1229,30.7,34.3,28.0,33.1,22.7,31.9,29.1
1230,27.7,33.1,29.7,29.8,23.4,32.2,33.0
1231,29.1,35.9,28.5,35.4,28.6,33.5,30.7
1232,19.8,31.8,20.0,26.2,20.2,34.9,27.9
1233,32.3,28.4,24.7,29.0,22.5,35.1,31.0
1234,29.2,32.7,26.4,27.1,20.2,34.5,28.7
1235,26.7,32.8,27.5,28.9,24.0,35.5,29.4
1236,25.3,33.9,22.9,28.7,21.6,36.5,31.3
1237,21.6,33.5,24.7,25.6,20.4,34.4,28.2
1238,24.6,32.3,23.9,28.2,20.6,34.7,30.5
1239,32.6,25.7,22.6,25.0,24.0,34.1,30.2
1240,21.5,31.0,20.2,26.1,20.9,34.0,28.8
1241,26.1,31.4,24.6,26.0,19.1,33.5,26.8
1242,21.8,33.0,24.6,29.3,22.3,34.2,33.2
1243,24.9,30.1,22.9,24.3,22.5,34.1,27.1
1244,21.6,31.3,25.7,27.2,23.0,34.1,28.9
1245,23.2,30.7,23.7,28.8,23.8,34.2,24.6
1246,25.8,31.6,22.1,30.3,25.2,31.9,28.6
1247,26.8,31.2,22.9,28.0,18.8,31.0,28.6
1248,26.1,32.1,25.5,29.3,22.8,31.5,23.8
1249,27.0,30.8,25.2,30.1,25.9,32.5,31.5
1250,26.9,29.7,22.6,26.6,21.9,32.5,27.2
1251,23.6,33.9,28.6,30.4,24.7,31.7,28.5
1252,26.8,33.4,26.1,32.5,23.4,31.5,24.5
1253,29.3,32.6,24.4,26.9,30.6,31.0,25.8
1254,22.6,31.7,27.8,27.9,22.2,29.8,27.5
1255,25.3,32.1,25.9,30.7,25.8,28.6,22.6
1256,23.3,30.3,27.0,29.1,24.4,28.9,27.8
1257,27.9,32.7,29.1,32.0,27.3,31.2,31.2
1258,23.9,32.2,24.7,27.3,24.7,30.1,33.1
1259,24.7,31.1,25.0,29.8,22.2,29.1,25.4
1260,27.5,29.9,29.7,29.4,25.2,28.3,29.7
1261,23.3,31.8,26.4,31.9,23.3,28.9,27.7
1262,23.1,30.7,26.2,32.0,22.6,29.6,26.8
1263,25.9,30.4,25.3,31.8,22.7,29.0,30.4
1264,28.2,33.0,24.8,34.5,24.7,30.9,26.4
1265,27.0,30.5,22.9,28.1,22.2,29.5,24.0
1266,26.4,30.6,26.5,28.1,23.8,28.3,28.3
1267,31.4,28.5,25.6,31.2,29.3,26.7,33.5
1268,28.0,29.7,23.6,31.2,22.6,28.0,28.9
1269,25.6,30.5,24.6,27.5,22.0,27.9,29.4
1270,25.6,30.6,23.6,31.6,23.2,28.6,26.4
1271,24.0,29.0,24.9,30.5,20.8,27.3,26.3
1272,22.6,30.6,23.9,27.0,24.5,28.1,31.6
1273,25.9,27.5,23.0,29.0,22.6,26.5,28.2
1274,22.3,28.7,22.2,25.8,18.3,27.0,27.2
1275,25.0,30.8,24.1,30.6,22.2,27.4,30.3
1276,20.2,29.3,22.4,24.6,19.8,26.3,29.3
1277,21.9,28.8,25.3,27.4,21.4,25.8,30.9
1278,22.4,30.6,28.1,31.8,24.5,28.0,32.4
1279,25.5,29.3,33.3,33.0,25.0,27.8,29.1
1280,21.5,30.1,24.4,31.1,21.3,26.6,29.0
1281,23.8,29.9,30.6,28.6,23.5,27.8,26.6
1282,21.5,29.4,28.0,25.4,22.7,25.7,27.7
1283,22.9,32.7,28.4,30.7,24.5,28.3,31.2
1284,24.5,31.1,26.2,31.8,23.0,27.3,29.9
1285,23.6,30.7,26.7,31.3,21.7,26.5,32.9
1286,26.9,24.4,27.5,28.8,21.6,24.9,28.3
1287,26.6,28.2,26.0,27.4,25.7,26.7,26.8
1288,27.7,28.7,25.0,31.3,22.4,27.1,27.3
1289,30.3,28.0,26.9,33.5,25.1,27.6,30.2
1290,23.3,29.1,27.8,30.1,21.7,27.8,29.2
1291,24.8,32.4,24.8,30.6,23.3,28.0,30.9
1292,27.2,30.2,28.2,31.0,25.2,27.3,29.0
1293,21.9,32.1,23.1,31.4,22.3,28.5,29.1
1294,25.5,30.5,25.7,31.1,27.3,27.6,29.5
1295,24.9,32.8,27.4,33.6,27.2,31.0,30.6
1296,30.1,25.9,25.7,30.5,25.7,27.3,27.2
1297,26.2,30.8,27.0,32.4,25.0,27.1,34.0
1298,26.2,29.6,27.0,30.9,24.0,26.8,28.2
1299,27.7,28.5,28.5,30.0,25.9,26.5,29.8
1300,26.3,32.7,26.2,33.7,23.7,27.3,33.2
1301,23.9,30.8,25.7,30.2,24.0,26.9,25.7
1302,26.9,33.3,27.8,32.8,25.6,28.2,33.3
1303,22.5,28.4,25.2,28.8,20.7,27.5,26.2
1304,23.9,32.4,27.3,32.7,23.8,27.4,28.4
1305,26.6,30.9,26.2,33.3,25.3,27.8,27.7
1306,29.2,28.5,24.3,26.0,26.0,27.7,26.3
1307,31.3,30.4,25.3,31.4,28.7,27.3,35.3
1308,26.6,31.7,27.0,32.2,24.2,27.9,30.2
1309,26.8,32.3,26.4,26.4,23.0,26.6,30.2
1310,23.2,31.4,25.1,31.5,24.6,28.6,23.2
1311,21.8,33.4,27.1,31.4,23.1,28.2,30.0
1312,27.5,30.1,22.0,31.6,21.6,27.6,24.8
1313,24.4,31.2,29.8,27.8,25.0,28.1,29.8
1314,25.1,32.4,32.1,25.8,26.7,27.5,32.8
1315,29.7,29.6,28.3,31.2,27.7,26.4,27.9
1316,21.9,32.0,26.7,32.3,22.0,26.2,32.6
1317,24.5,31.7,32.7,33.5,24.9,27.7,30.3
1318,25.0,33.2,26.2,32.3,24.2,29.0,29.1
1319,25.6,31.4,27.5,32.4,25.5,25.3,27.7
1320,25.2,31.1,31.3,28.3,26.7,28.4,30.3
1321,27.1,33.9,32.2,36.2,25.5,28.8,32.4
1322,26.4,29.6,23.3,26.9,23.7,25.9,29.0
1323,30.5,27.7,26.3,28.4,26.1,26.1,29.8
1324,26.6,31.4,30.0,32.3,23.8,26.6,30.0
1325,27.4,30.6,31.6,31.8,23.9,26.7,30.3
1326,25.2,29.7,25.0,31.7,23.3,26.9,26.1
1327,27.5,27.7,29.6,28.4,23.9,26.4,35.0
1328,26.3,33.0,25.0,28.3,22.4,28.2,29.1
1329,29.7,32.0,26.7,32.3,27.1,27.5,27.4
1330,28.0,33.2,27.4,34.6,24.6,28.8,26.1
1331,30.5,25.1,24.6,28.9,22.4,26.5,26.9
1332,25.6,31.8,27.3,33.6,24.0,27.0,27.4
1333,28.1,31.1,26.0,32.0,26.8,27.1,27.7
1334,30.7,29.0,28.1,29.3,29.2,26.7,27.2
1335,28.9,32.7,24.7,34.8,24.2,29.4,30.5
1336,28.5,32.1,30.5,32.9,27.5,28.2,29.5
1337,22.6,31.6,29.9,31.0,22.4,25.6,30.9
1338,23.0,31.9,29.5,26.1,20.9,24.7,28.8
1339,26.6,32.2,27.4,33.8,25.2,27.4,29.0
1340,21.5,32.3,27.7,29.2,21.6,27.5,29.1
1341,27.9,30.1,25.4,32.0,23.2,28.2,27.5
1342,26.9,32.1,28.5,34.7,24.3,29.4,29.5
1343,28.0,31.4,28.9,32.5,24.3,27.4,26.7
1344,26.5,32.1,26.0,29.8,20.7,25.4,29.1
1345,22.7,29.6,30.4,25.9,24.9,25.6,29.9
1346,25.2,29.7,23.6,27.7,21.6,27.2,29.1
1347,26.5,31.3,27.4,32.2,22.9,29.0,26.7
1348,26.7,34.3,28.8,32.9,27.0,26.7,25.6
1349,22.3,32.9,26.9,31.7,27.0,27.5,26.9
1350,24.2,31.3,25.8,28.9,21.6,27.6,29.6
1351,23.3,33.8,27.0,31.5,21.6,28.4,24.0
1352,28.1,33.6,28.7,34.6,25.3,29.2,31.0
1353,25.3,31.0,25.6,30.0,21.6,28.0,29.4
1354,25.0,32.4,28.1,33.3,22.6,26.4,29.0
1355,27.0,31.3,26.9,28.3,23.6,27.6,31.9
1356,29.2,31.1,28.8,32.7,27.3,28.2,28.9
1357,26.4,30.7,27.3,31.0,22.5,26.8,29.9
1358,25.5,32.2,26.9,29.0,21.9,26.7,30.1
1359,25.5,31.1,25.9,30.7,21.6,26.1,29.1
1360,26.0,31.4,26.8,31.4,21.0,27.0,30.6
1361,23.0,34.0,29.3,34.8,22.4,29.4,29.4
1362,24.5,33.5,27.6,33.3,20.7,28.2,30.9
1363,27.7,30.3,28.5,32.6,25.1,26.6,29.4
1364,26.9,32.7,28.4,32.5,25.0,26.7,29.8
1365,26.5,33.1,30.0,32.6,26.8,26.3,27.5
1366,25.6,32.5,26.3,33.6,24.4,28.6,33.1
1367,25.6,32.2,31.2,27.2,27.5,27.2,30.9
1368,28.2,30.2,25.1,31.4,21.9,26.8,29.8
1369,25.1,32.6,26.1,33.5,22.2,27.5,26.7
1370,27.0,29.0,25.9,32.5,22.4,26.6,31.2
1371,29.5,29.1,25.9,32.2,24.7,26.5,28.7
1372,29.0,25.8,25.1,30.1,22.7,25.6,29.0
1373,24.7,31.0,26.1,29.3,21.7,25.7,29.1
1374,27.6,31.1,28.2,29.9,24.6,27.0,26.5
1375,27.6,32.6,32.1,30.8,24.3,28.4,32.8
1376,24.8,28.9,32.5,24.6,22.5,27.8,28.4
1377,25.5,31.8,26.9,32.7,23.2,27.0,28.6
1378,25.1,32.4,30.4,31.7,24.0,27.4,29.8
1379,32.0,28.5,28.7,30.8,30.1,28.3,28.6
1380,31.4,29.8,28.3,34.4,28.1,29.2,28.6
1381,23.1,32.9,28.1,32.3,22.6,27.3,31.1
1382,20.7,32.6,24.6,28.5,22.4,26.5,27.2
1383,29.2,32.9,32.0,31.3,26.0,27.1,25.5
1384,25.4,32.8,26.6,33.2,24.1,28.7,30.5
1385,28.2,32.9,29.6,32.7,28.1,27.5,29.8
1386,23.2,32.9,29.4,33.9,23.3,29.4,32.1
1387,28.5,34.6,30.0,35.6,25.7,29.6,34.1
1388,29.8,30.4,29.0,31.5,26.8,26.9,29.3
1389,26.6,33.4,25.2,30.1,23.5,30.1,27.1
1390,28.4,34.1,29.6,35.5,26.8,28.7,32.3
1391,25.4,33.2,26.6,33.7,24.2,28.0,28.6
1392,30.4,30.6,27.3,31.0,26.9,27.8,26.8
1393,26.2,34.0,25.2,26.9,23.9,29.4,27.1
1394,24.5,33.5,28.9,34.8,24.7,30.8,31.1
1395,29.3,32.1,26.1,31.0,26.8,28.9,27.9
1396,28.6,32.6,31.6,31.6,28.2,28.4,33.0
1397,33.9,26.3,26.3,33.6,27.6,28.6,29.3
1398,28.0,32.9,31.7,34.3,28.5,27.8,29.9
1399,30.2,29.6,27.1,31.4,24.3,26.6,29.4
1400,22.2,32.3,29.9,32.6,24.1,27.1,28.7
1401,21.9,32.6,25.4,29.0,20.8,27.6,28.8
1402,26.4,30.4,26.3,30.6,22.0,26.8,30.3
1403,20.8,31.0,24.2,30.8,21.1,23.8,29.7
1404,20.6,35.3,30.9,33.6,25.7,27.7,28.0
1405,28.3,32.9,29.2,33.2,25.2,28.6,23.7
1406,25.7,33.2,29.1,32.0,24.4,27.8,30.1
1407,27.0,30.8,25.6,29.2,23.2,27.1,26.3
1408,29.2,30.7,24.6,33.2,20.5,27.8,21.9
1409,27.4,34.1,30.5,35.0,25.0,29.4,32.2
1410,26.6,33.8,27.8,35.3,24.7,29.1,29.2
1411,31.9,30.6,28.0,33.1,30.6,26.8,24.3
1412,31.6,29.2,27.3,34.4,27.9,27.4,29.1
1413,26.2,32.9,32.5,31.3,26.2,28.0,30.5
1414,24.1,31.2,22.6,28.0,23.9,24.8,25.9
1415,28.2,32.4,25.5,29.8,23.0,28.5,31.5
1416,28.5,32.2,28.8,34.7,27.8,28.5,27.4
1417,26.9,32.5,30.4,34.2,24.9,25.7,27.9
1418,25.4,34.2,24.5,34.1,22.3,29.7,28.8
1419,31.3,33.0,28.9,35.6,29.2,29.4,29.9
1420,28.9,31.2,26.6,31.6,25.6,28.6,27.5
1421,25.2,34.3,23.6,30.1,21.7,28.3,28.9
1422,23.7,35.2,33.6,36.6,24.7,29.2,32.5
1423,27.7,33.0,30.9,32.1,25.9,27.1,29.8
1424,25.6,35.4,28.0,35.6,25.9,31.0,27.7
1425,27.6,30.4,37.1,27.4,27.9,28.2,31.9
1426,24.8,33.2,26.2,34.1,21.6,28.9,26.6
1427,32.1,29.3,26.6,34.2,27.2,27.4,25.3
1428,28.9,27.7,29.2,30.8,23.3,27.5,26.6
1429,27.5,32.1,32.1,32.0,25.8,27.7,30.3
1430,29.3,30.0,27.3,33.2,25.3,28.4,22.7
1431,23.3,35.5,25.0,35.3,24.2,30.7,28.5
1432,25.3,35.9,29.8,32.2,25.6,29.2,29.2
1433,28.6,36.1,28.8,35.4,24.8,30.5,32.6
1434,29.2,34.6,28.2,35.6,27.3,29.6,31.4
1435,20.6,33.9,27.8,31.5,21.2,26.5,29.9
1436,27.6,34.3,32.5,34.1,26.6,29.6,32.5
1437,28.9,32.5,27.6,33.7,25.5,29.3,30.2
1438,25.5,33.5,24.4,33.3,21.5,27.7,25.5
1439,30.2,32.4,29.2,33.2,23.7,27.8,29.5
1440,27.9,32.5,29.2,32.9,24.6,27.9,30.1
